"lumped_element_capacitance [pF]","Freq [GHz]","mag(S(2,1)) []"
0.065,9,0.993578846273886
0.065,9.04081632653061,0.993239629510536
0.065,9.08163265306122,0.992872911083949
0.065,9.12244897959184,0.992475887147271
0.065,9.16326530612245,0.992045223120568
0.065,9.20408163265306,0.991576229000792
0.065,9.24489795918367,0.991062079433822
0.065,9.28571428571428,0.990511703819746
0.065,9.3265306122449,0.989912083791868
0.065,9.36734693877551,0.989254320706696
0.065,9.40816326530612,0.988533149525035
0.065,9.44897959183674,0.987741373409182
0.065,9.48979591836735,0.986870338429212
0.065,9.53061224489796,0.985909923806617
0.065,9.57142857142857,0.984848340122736
0.065,9.61224489795918,0.983671833975123
0.065,9.65306122448979,0.9823643120274
0.065,9.69387755102041,0.980906875024285
0.065,9.73469387755102,0.979277243239844
0.065,9.77551020408163,0.977449048460515
0.065,9.81632653061225,0.975390961809075
0.065,9.85714285714286,0.97306562194589
0.065,9.89795918367347,0.970428327361483
0.065,9.93877551020408,0.967425468326203
0.065,9.97959183673469,0.963992723648152
0.065,10.0204081632653,0.960053211834221
0.065,10.0612244897959,0.955516327631816
0.065,10.1020408163265,0.950279921144289
0.065,10.1428571428571,0.944246143578443
0.065,10.1836734693878,0.937391952731195
0.065,10.2244897959184,0.929895513831836
0.065,10.265306122449,0.920319654144397
0.065,10.3061224489796,0.907367139282041
0.065,10.3469387755102,0.892729099896064
0.065,10.3877551020408,0.875840988937271
0.065,10.4285714285714,0.856152486370879
0.065,10.469387755102,0.833372736963408
0.065,10.5102040816327,0.807564368326274
0.065,10.5510204081633,0.779401557550342
0.065,10.5918367346939,0.750520273072234
0.065,10.6326530612245,0.723781884951131
0.065,10.6734693877551,0.703088052875542
0.065,10.7142857142857,0.692369970640075
0.065,10.7551020408163,0.693930239597698
0.065,10.7959183673469,0.707235948096862
0.065,10.8367346938776,0.729241856163842
0.065,10.8775510204082,0.755926608605864
0.065,10.9183673469388,0.78376422987283
0.065,10.9591836734694,0.810380196311297
0.065,11,0.834514538867208
0.0722916666666667,9,0.993011556611905
0.0722916666666667,9.04081632653061,0.992611132814741
0.0722916666666667,9.08163265306122,0.992176079671112
0.0722916666666667,9.12244897959184,0.991702562821014
0.0722916666666667,9.16326530612245,0.991185930173116
0.0722916666666667,9.20408163265306,0.990619190283809
0.0722916666666667,9.24489795918367,0.989990237315527
0.0722916666666667,9.28571428571428,0.989316825194654
0.0722916666666667,9.3265306122449,0.988580493345422
0.0722916666666667,9.36734693877551,0.987765397636615
0.0722916666666667,9.40816326530612,0.986863989111084
0.0722916666666667,9.44897959183674,0.985865647388319
0.0722916666666667,9.48979591836735,0.984757303752406
0.0722916666666667,9.53061224489796,0.983523408155467
0.0722916666666667,9.57142857142857,0.982145553435181
0.0722916666666667,9.61224489795918,0.980601916235451
0.0722916666666667,9.65306122448979,0.978866531587178
0.0722916666666667,9.69387755102041,0.976908376189895
0.0722916666666667,9.73469387755102,0.974690215934834
0.0722916666666667,9.77551020408163,0.972167157907067
0.0722916666666667,9.81632653061225,0.96928483217924
0.0722916666666667,9.85714285714286,0.965977115235139
0.0722916666666667,9.89795918367347,0.962163301068372
0.0722916666666667,9.93877551020408,0.957744645155512
0.0722916666666667,9.97959183673469,0.952600297256094
0.0722916666666667,10.0204081632653,0.946582933347468
0.0722916666666667,10.0612244897959,0.939515306068643
0.0722916666666667,10.1020408163265,0.931191901617272
0.0722916666666667,10.1428571428571,0.921400532970994
0.0722916666666667,10.1836734693878,0.910014211129856
0.0722916666666667,10.2244897959184,0.897067463159071
0.0722916666666667,10.265306122449,0.880138395344872
0.0722916666666667,10.3061224489796,0.858119613155192
0.0722916666666667,10.3469387755102,0.833480528397558
0.0722916666666667,10.3877551020408,0.805758228717878
0.0722916666666667,10.4285714285714,0.775360584319843
0.0722916666666667,10.469387755102,0.744066787972872
0.0722916666666667,10.5102040816327,0.715252354858985
0.0722916666666667,10.5510204081633,0.693612535731603
0.0722916666666667,10.5918367346939,0.683764121395766
0.0722916666666667,10.6326530612245,0.688031632760202
0.0722916666666667,10.6734693877551,0.705090505256611
0.0722916666666667,10.7142857142857,0.730808012606351
0.0722916666666667,10.7551020408163,0.760406389532516
0.0722916666666667,10.7959183673469,0.790125156102796
0.0722916666666667,10.8367346938776,0.817710660963994
0.0722916666666667,10.8775510204082,0.842156421969056
0.0722916666666667,10.9183673469388,0.863246528601914
0.0722916666666667,10.9591836734694,0.881177196536056
0.0722916666666667,11,0.896314682096194
0.0795833333333333,9,0.99234587188725
0.0795833333333333,9.04081632653061,0.991869994455013
0.0795833333333333,9.08163265306122,0.991349999213504
0.0795833333333333,9.12244897959184,0.9907805631177
0.0795833333333333,9.16326530612245,0.990155112570474
0.0795833333333333,9.20408163265306,0.989463396240438
0.0795833333333333,9.24489795918367,0.98868679297129
0.0795833333333333,9.28571428571428,0.987854322567063
0.0795833333333333,9.3265306122449,0.986938224185614
0.0795833333333333,9.36734693877551,0.985913839375153
0.0795833333333333,9.40816326530612,0.984769910901843
0.0795833333333333,9.44897959183674,0.98349023025027
0.0795833333333333,9.48979591836735,0.982054495910833
0.0795833333333333,9.53061224489796,0.980438145465851
0.0795833333333333,9.57142857142857,0.97861160283723
0.0795833333333333,9.61224489795918,0.97653917461914
0.0795833333333333,9.65306122448979,0.974177600696949
0.0795833333333333,9.69387755102041,0.971474191007258
0.0795833333333333,9.73469387755102,0.968364440896377
0.0795833333333333,9.77551020408163,0.96476898420084
0.0795833333333333,9.81632653061225,0.960589712414959
0.0795833333333333,9.85714285714286,0.955704868324788
0.0795833333333333,9.89795918367347,0.949962937936282
0.0795833333333333,9.93877551020408,0.943175275007394
0.0795833333333333,9.97959183673469,0.935107738186664
0.0795833333333333,10.0204081632653,0.9254725384631
0.0795833333333333,10.0612244897959,0.913923841242158
0.0795833333333333,10.1020408163265,0.90006682283846
0.0795833333333333,10.1428571428571,0.883506731064542
0.0795833333333333,10.1836734693878,0.863998168176845
0.0795833333333333,10.2244897959184,0.841373105476051
0.0795833333333333,10.265306122449,0.811957825824981
0.0795833333333333,10.3061224489796,0.777267325648103
0.0795833333333333,10.3469387755102,0.742709859963275
0.0795833333333333,10.3877551020408,0.710800356834712
0.0795833333333333,10.4285714285714,0.686566419003008
0.0795833333333333,10.469387755102,0.675513552153384
0.0795833333333333,10.5102040816327,0.680494384106911
0.0795833333333333,10.5510204081633,0.699814722064166
0.0795833333333333,10.5918367346939,0.728386435525418
0.0795833333333333,10.6326530612245,0.760584019061246
0.0795833333333333,10.6734693877551,0.792241647381572
0.0795833333333333,10.7142857142857,0.821065381739784
0.0795833333333333,10.7551020408163,0.846180903186362
0.0795833333333333,10.7959183673469,0.867541176472583
0.0795833333333333,10.8367346938776,0.885488101376479
0.0795833333333333,10.8775510204082,0.900496142408083
0.0795833333333333,10.9183673469388,0.913044331293437
0.0795833333333333,10.9591836734694,0.923562225131674
0.0795833333333333,11,0.932413407320607
0.086875,9,0.991560252073727
0.086875,9.04081632653061,0.990990449981978
0.086875,9.08163265306122,0.990363761543364
0.086875,9.12244897959184,0.989672690004868
0.086875,9.16326530612245,0.988907832577058
0.086875,9.20408163265306,0.988054266614641
0.086875,9.24489795918367,0.987085143178231
0.086875,9.28571428571428,0.986043701795874
0.086875,9.3265306122449,0.984887182478246
0.086875,9.36734693877551,0.983579312484513
0.086875,9.40816326530612,0.982102609157871
0.086875,9.44897959183674,0.980431527646187
0.086875,9.48979591836735,0.978533599486679
0.086875,9.53061224489796,0.976368861747129
0.086875,9.57142857142857,0.973888291420539
0.086875,9.61224489795918,0.971031554984053
0.086875,9.65306122448979,0.967724023595385
0.086875,9.69387755102041,0.963872879367038
0.086875,9.73469387755102,0.959362065459608
0.086875,9.77551020408163,0.954045780094633
0.086875,9.81632653061225,0.94774020003339
0.086875,9.85714285714286,0.940213207997796
0.086875,9.89795918367347,0.931172244227767
0.086875,9.93877551020408,0.920251339700952
0.086875,9.97959183673469,0.90700062087385
0.086875,10.0204081632653,0.890886517356132
0.086875,10.0612244897959,0.871321199551826
0.086875,10.1020408163265,0.847759570624321
0.086875,10.1428571428571,0.81993289973086
0.086875,10.1836734693878,0.788269068757471
0.086875,10.2244897959184,0.753582317749941
0.086875,10.265306122449,0.71412067753345
0.086875,10.3061224489796,0.682385613532034
0.086875,10.3469387755102,0.667261503714604
0.086875,10.3877551020408,0.67042142793961
0.086875,10.4285714285714,0.690205309526646
0.086875,10.469387755102,0.720806095805295
0.086875,10.5102040816327,0.75554737828082
0.086875,10.5510204081633,0.789525703819843
0.086875,10.5918367346939,0.82014754260899
0.086875,10.6326530612245,0.846519763084381
0.086875,10.6734693877551,0.868692066914798
0.086875,10.7142857142857,0.88712457387813
0.086875,10.7551020408163,0.902393828457445
0.086875,10.7959183673469,0.915056094061903
0.086875,10.8367346938776,0.925595867529935
0.086875,10.8775510204082,0.934414949550675
0.086875,10.9183673469388,0.941838381714486
0.086875,10.9591836734694,0.948125859548666
0.086875,11,0.953483609361144
0.0941666666666667,9,0.990627224241648
0.0941666666666667,9.04081632653061,0.989939284237987
0.0941666666666667,9.08163265306122,0.989177070009018
0.0941666666666667,9.12244897959184,0.98832987092695
0.0941666666666667,9.16326530612245,0.987384067085448
0.0941666666666667,9.20408163265306,0.986317941675037
0.0941666666666667,9.24489795918367,0.985093965094533
0.0941666666666667,9.28571428571428,0.983773078155449
0.0941666666666667,9.3265306122449,0.982288943948096
0.0941666666666667,9.36734693877551,0.98058928819813
0.0941666666666667,9.40816326530612,0.978645874194736
0.0941666666666667,9.44897959183674,0.976417158418301
0.0941666666666667,9.48979591836735,0.973849608830373
0.0941666666666667,9.53061224489796,0.970876112995325
0.0941666666666667,9.57142857142857,0.967412652988259
0.0941666666666667,9.61224489795918,0.963353601472835
0.0941666666666667,9.65306122448979,0.958565439787802
0.0941666666666667,9.69387755102041,0.952878507435747
0.0941666666666667,9.73469387755102,0.946076322221837
0.0941666666666667,9.77551020408163,0.937882093528027
0.0941666666666667,9.81632653061225,0.927942495338604
0.0941666666666667,9.85714285714286,0.915810064612855
0.0941666666666667,9.89795918367347,0.900928804460544
0.0941666666666667,9.93877551020408,0.882634816050135
0.0941666666666667,9.97959183673469,0.86019879465386
0.0941666666666667,10.0204081632653,0.832964879769082
0.0941666666666667,10.0612244897959,0.800680489019877
0.0941666666666667,10.1020408163265,0.764133646830775
0.0941666666666667,10.1428571428571,0.726085764417882
0.0941666666666667,10.1836734693878,0.691839754000352
0.0941666666666667,10.2244897959184,0.66698987599541
0.0941666666666667,10.265306122449,0.657168609391831
0.0941666666666667,10.3061224489796,0.674399606413494
0.0941666666666667,10.3469387755102,0.706661277511253
0.0941666666666667,10.3877551020408,0.744200820114687
0.0941666666666667,10.4285714285714,0.781167726273783
0.0941666666666667,10.469387755102,0.814410033759563
0.0941666666666667,10.5102040816327,0.842839448356011
0.0941666666666667,10.5510204081633,0.866524603930642
0.0941666666666667,10.5918367346939,0.886025215314126
0.0941666666666667,10.6326530612245,0.902027711620606
0.0941666666666667,10.6734693877551,0.91518192274514
0.0941666666666667,10.7142857142857,0.926044075159326
0.0941666666666667,10.7551020408163,0.935068262948832
0.0941666666666667,10.7959183673469,0.942616771578513
0.0941666666666667,10.8367346938776,0.948975676898473
0.0941666666666667,10.8775510204082,0.954370144190777
0.0941666666666667,10.9183673469388,0.958977518707272
0.0941666666666667,10.9591836734694,0.962937844362594
0.0941666666666667,11,0.966362019248076
0.101458333333333,9,0.989511374597481
0.101458333333333,9.04081632653061,0.988673175118504
0.101458333333333,9.08163265306122,0.987736712487451
0.101458333333333,9.12244897959184,0.986686456026017
0.101458333333333,9.16326530612245,0.985502406113533
0.101458333333333,9.20408163265306,0.984152785045755
0.101458333333333,9.24489795918367,0.982585744536954
0.101458333333333,9.28571428571428,0.980883822089623
0.101458333333333,9.3265306122449,0.978943894921359
0.101458333333333,9.36734693877551,0.976690493610103
0.101458333333333,9.40816326530612,0.974076311163489
0.101458333333333,9.44897959183674,0.971031631280654
0.101458333333333,9.48979591836735,0.967465329087416
0.101458333333333,9.53061224489796,0.963260864805356
0.101458333333333,9.57142857142857,0.958269149503604
0.101458333333333,9.61224489795918,0.952298603854074
0.101458333333333,9.65306122448979,0.945101958745557
0.101458333333333,9.69387755102041,0.93635926732098
0.101458333333333,9.73469387755102,0.925657110440835
0.101458333333333,9.77551020408163,0.912465719947251
0.101458333333333,9.81632653061225,0.896120307921816
0.101458333333333,9.85714285714286,0.875823596520319
0.101458333333333,9.89795918367347,0.850709397422388
0.101458333333333,9.93877551020408,0.8200497589223
0.101458333333333,9.97959183673469,0.78374804402223
0.101458333333333,10.0204081632653,0.74327685368147
0.101458333333333,10.0612244897959,0.70296744421489
0.101458333333333,10.1020408163265,0.670645140153227
0.101458333333333,10.1428571428571,0.65539750542745
0.101458333333333,10.1836734693878,0.661737567494995
0.101458333333333,10.2244897959184,0.685467405062236
0.101458333333333,10.265306122449,0.722400894128465
0.101458333333333,10.3061224489796,0.765157486497507
0.101458333333333,10.3469387755102,0.802765536658728
0.101458333333333,10.3877551020408,0.834440791219186
0.101458333333333,10.4285714285714,0.860573622349166
0.101458333333333,10.469387755102,0.881886034103381
0.101458333333333,10.5102040816327,0.899207182111663
0.101458333333333,10.5510204081633,0.913311084784329
0.101458333333333,10.5918367346939,0.924853220995487
0.101458333333333,10.6326530612245,0.934362665468256
0.101458333333333,10.6734693877551,0.942256611248374
0.101458333333333,10.7142857142857,0.948860737246935
0.101458333333333,10.7551020408163,0.954428633158237
0.101458333333333,10.7959183673469,0.959158104468766
0.101458333333333,10.8367346938776,0.96320409595297
0.101458333333333,10.8775510204082,0.966688648592095
0.101458333333333,10.9183673469388,0.969708459546429
0.101458333333333,10.9591836734694,0.97234057108798
0.101458333333333,11,0.974646610768046
0.10875,9,0.988166523889099
0.10875,9.04081632653061,0.987134896441637
0.10875,9.08163265306122,0.985971434083199
0.10875,9.12244897959184,0.984653260512914
0.10875,9.16326530612245,0.983150557530874
0.10875,9.20408163265306,0.98141633469479
0.10875,9.24489795918367,0.979378828074805
0.10875,9.28571428571428,0.977146052355569
0.10875,9.3265306122449,0.97455720775318
0.10875,9.36734693877551,0.971501300666363
0.10875,9.40816326530612,0.967896342979279
0.10875,9.44897959183674,0.963621582359098
0.10875,9.48979591836735,0.958516730069938
0.10875,9.53061224489796,0.952372510909941
0.10875,9.57142857142857,0.944915507673381
0.10875,9.61224489795918,0.935787719892557
0.10875,9.65306122448979,0.924520867039792
0.10875,9.69387755102041,0.910507393101209
0.10875,9.73469387755102,0.892976027155927
0.10875,9.77551020408163,0.870994358644528
0.10875,9.81632653061225,0.843553282723829
0.10875,9.85714285714286,0.80985022223887
0.10875,9.89795918367347,0.769973896271741
0.10875,9.93877551020408,0.726195668658581
0.10875,9.97959183673469,0.684602402746143
0.10875,10.0204081632653,0.655312478482507
0.10875,10.0612244897959,0.648262081699679
0.10875,10.1020408163265,0.665746969256971
0.10875,10.1428571428571,0.700383673622701
0.10875,10.1836734693878,0.741344072737302
0.10875,10.2244897959184,0.780902656065099
0.10875,10.265306122449,0.818207733287383
0.10875,10.3061224489796,0.849658544677016
0.10875,10.3469387755102,0.874067113013025
0.10875,10.3877551020408,0.893509245389682
0.10875,10.4285714285714,0.909151486859093
0.10875,10.469387755102,0.921821600045319
0.10875,10.5102040816327,0.932161058626316
0.10875,10.5510204081633,0.940667781373464
0.10875,10.5918367346939,0.947726035587643
0.10875,10.6326530612245,0.953631850703468
0.10875,10.6734693877551,0.958613764501723
0.10875,10.7142857142857,0.962849044695362
0.10875,10.7551020408163,0.966476051960743
0.10875,10.7959183673469,0.969603541386963
0.10875,10.8367346938776,0.972317624558374
0.10875,10.8775510204082,0.974686976192648
0.10875,10.9183673469388,0.976766730408186
0.10875,10.9591836734694,0.978601392234899
0.10875,11,0.980226993145498
0.116041666666667,9,0.986531694823198
0.116041666666667,9.04081632653061,0.985247801377723
0.116041666666667,9.08163265306122,0.983784350728861
0.116041666666667,9.12244897959184,0.982107071647664
0.116041666666667,9.16326530612245,0.980170738825465
0.116041666666667,9.20408163265306,0.977904810552818
0.116041666666667,9.24489795918367,0.975208670015825
0.116041666666667,9.28571428571428,0.972218520550969
0.116041666666667,9.3265306122449,0.96868183640629
0.116041666666667,9.36734693877551,0.964430089366805
0.116041666666667,9.40816326530612,0.959316691118743
0.116041666666667,9.44897959183674,0.953125927714475
0.116041666666667,9.48979591836735,0.945566959162745
0.116041666666667,9.53061224489796,0.936253061617768
0.116041666666667,9.57142857142857,0.924671692870679
0.116041666666667,9.61224489795918,0.910148839512149
0.116041666666667,9.65306122448979,0.89181665974981
0.116041666666667,9.69387755102041,0.868611236420076
0.116041666666667,9.73469387755102,0.839369229238074
0.116041666666667,9.77551020408163,0.803176111677303
0.116041666666667,9.81632653061225,0.760238195870688
0.116041666666667,9.85714285714286,0.713545291808804
0.116041666666667,9.89795918367347,0.670862731000506
0.116041666666667,9.93877551020408,0.644393509312586
0.116041666666667,9.97959183673469,0.644336006006882
0.116041666666667,10.0204081632653,0.670130390272083
0.116041666666667,10.0612244897959,0.711141578707631
0.116041666666667,10.1020408163265,0.755653966603781
0.116041666666667,10.1428571428571,0.796497580949174
0.116041666666667,10.1836734693878,0.830949730647493
0.116041666666667,10.2244897959184,0.859112083005983
0.116041666666667,10.265306122449,0.883187613463941
0.116041666666667,10.3061224489796,0.902071935373664
0.116041666666667,10.3469387755102,0.916575196183045
0.116041666666667,10.3877551020408,0.928197515231038
0.116041666666667,10.4285714285714,0.937655599492037
0.116041666666667,10.469387755102,0.945429196521382
0.116041666666667,10.5102040816327,0.951876649049908
0.116041666666667,10.5510204081633,0.957271178585514
0.116041666666667,10.5918367346939,0.96182267087691
0.116041666666667,10.6326530612245,0.965693430275232
0.116041666666667,10.6734693877551,0.969009880681408
0.116041666666667,10.7142857142857,0.971871262662564
0.116041666666667,10.7551020408163,0.974356096851405
0.116041666666667,10.7959183673469,0.976526997486372
0.116041666666667,10.8367346938776,0.978434271062365
0.116041666666667,10.8775510204082,0.980118618393023
0.116041666666667,10.9183673469388,0.981613169183935
0.116041666666667,10.9591836734694,0.982945009584992
0.116041666666667,11,0.984136308856407
0.123333333333333,9,0.984525263222665
0.123333333333333,9.04081632653061,0.982907668240847
0.123333333333333,9.08163265306122,0.981041511139469
0.123333333333333,9.12244897959184,0.978874497761596
0.123333333333333,9.16326530612245,0.976336703256695
0.123333333333333,9.20408163265306,0.973320170557308
0.123333333333333,9.24489795918367,0.969680634389726
0.123333333333333,9.28571428571428,0.965581255401337
0.123333333333333,9.3265306122449,0.960620494891931
0.123333333333333,9.36734693877551,0.954531672213911
0.123333333333333,9.40816326530612,0.94704549638112
0.123333333333333,9.44897959183674,0.937766307173169
0.123333333333333,9.48979591836735,0.926154823531782
0.123333333333333,9.53061224489796,0.911489703662737
0.123333333333333,9.57142857142857,0.892826042982982
0.123333333333333,9.61224489795918,0.868981610997188
0.123333333333333,9.65306122448979,0.838629095111541
0.123333333333333,9.69387755102041,0.800676957712933
0.123333333333333,9.73469387755102,0.755282822803015
0.123333333333333,9.77551020408163,0.70586380554785
0.123333333333333,9.81632653061225,0.661529700786474
0.123333333333333,9.85714285714286,0.636398602624814
0.123333333333333,9.89795918367347,0.641093028615754
0.123333333333333,9.93877551020408,0.672751074463386
0.123333333333333,9.97959183673469,0.718154799840281
0.123333333333333,10.0204081632653,0.764875627184595
0.123333333333333,10.0612244897959,0.806326450248328
0.123333333333333,10.1020408163265,0.840572898511221
0.123333333333333,10.1428571428571,0.867958340357374
0.123333333333333,10.1836734693878,0.889593187783285
0.123333333333333,10.2244897959184,0.906880522274072
0.123333333333333,10.265306122449,0.921509292009698
0.123333333333333,10.3061224489796,0.932868048735428
0.123333333333333,10.3469387755102,0.941739004275497
0.123333333333333,10.3877551020408,0.94898663544887
0.123333333333333,10.4285714285714,0.954994401799735
0.123333333333333,10.469387755102,0.960020898940496
0.123333333333333,10.5102040816327,0.964261826783888
0.123333333333333,10.5510204081633,0.967868429814698
0.123333333333333,10.5918367346939,0.970958590746873
0.123333333333333,10.6326530612245,0.97362487449771
0.123333333333333,10.6734693877551,0.975940522967085
0.123333333333333,10.7142857142857,0.977963939237136
0.123333333333333,10.7551020408163,0.979742050698445
0.123333333333333,10.7959183673469,0.981312841729236
0.123333333333333,10.8367346938776,0.982707270373482
0.123333333333333,10.8775510204082,0.983950725144038
0.123333333333333,10.9183673469388,0.985064133566557
0.123333333333333,10.9591836734694,0.986064798730932
0.123333333333333,11,0.986967009640917
0.130625,9,0.982036331486118
0.130625,9.04081632653061,0.979970425108995
0.130625,9.08163265306122,0.977554306262195
0.130625,9.12244897959184,0.974706572377199
0.130625,9.16326530612245,0.971316780566282
0.130625,9.20408163265306,0.967215883500863
0.130625,9.24489795918367,0.962190675830499
0.130625,9.28571428571428,0.956419813696028
0.130625,9.3265306122449,0.94925346500512
0.130625,9.36734693877551,0.940250639619266
0.130625,9.40816326530612,0.928907756260816
0.130625,9.44897959183674,0.914491393131751
0.130625,9.48979591836735,0.896011583349265
0.130625,9.53061224489796,0.872195521755643
0.130625,9.57142857142857,0.841555933444427
0.130625,9.61224489795918,0.802755261175546
0.130625,9.65306122448979,0.755670212029257
0.130625,9.69387755102041,0.703662309162822
0.130625,9.73469387755102,0.656575985149837
0.130625,9.77551020408163,0.630304311411595
0.130625,9.81632653061225,0.636759695663313
0.130625,9.85714285714286,0.671980121641895
0.130625,9.89795918367347,0.720646882260445
0.130625,9.93877551020408,0.769365313073444
0.130625,9.97959183673469,0.811668510625278
0.130625,10.0204081632653,0.846057756370145
0.130625,10.0612244897959,0.873244257855306
0.130625,10.1020408163265,0.894557522104905
0.130625,10.1428571428571,0.911291246984586
0.130625,10.1836734693878,0.924522113593459
0.130625,10.2244897959184,0.935234516596576
0.130625,10.265306122449,0.944404488145587
0.130625,10.3061224489796,0.951572585344814
0.130625,10.3469387755102,0.957291312621649
0.130625,10.3877551020408,0.96205802634777
0.130625,10.4285714285714,0.966080290319391
0.130625,10.469387755102,0.969501198153648
0.130625,10.5102040816327,0.972431777974401
0.130625,10.5510204081633,0.974959638040292
0.130625,10.5918367346939,0.977154337516243
0.130625,10.6326530612245,0.979071443825785
0.130625,10.6734693877551,0.980755644052771
0.130625,10.7142857142857,0.982243123741912
0.130625,10.7551020408163,0.983563384563442
0.130625,10.7959183673469,0.984740636393954
0.130625,10.8367346938776,0.985794867141063
0.130625,10.8775510204082,0.986742666934445
0.130625,10.9183673469388,0.98759786156744
0.130625,10.9591836734694,0.98837199116027
0.130625,11,0.989074650999482
0.137916666666667,9,0.978911779211616
0.137916666666667,9.04081632653061,0.976233314547833
0.137916666666667,9.08163265306122,0.973051857686258
0.137916666666667,9.12244897959184,0.969237949251067
0.137916666666667,9.16326530612245,0.964613079199982
0.137916666666667,9.20408163265306,0.958905692764784
0.137916666666667,9.24489795918367,0.951789438974976
0.137916666666667,9.28571428571428,0.943423276571271
0.137916666666667,9.3265306122449,0.932733967110503
0.137916666666667,9.36734693877551,0.918967339432787
0.137916666666667,9.40816326530612,0.901189324225579
0.137916666666667,9.44897959183674,0.878093451680375
0.137916666666667,9.48979591836735,0.848065947855171
0.137916666666667,9.53061224489796,0.809487429172159
0.137916666666667,9.57142857142857,0.761728151948753
0.137916666666667,9.61224489795918,0.707503796609008
0.137916666666667,9.65306122448979,0.656483193712626
0.137916666666667,9.69387755102041,0.625975211030684
0.137916666666667,9.73469387755102,0.630504816481826
0.137916666666667,9.77551020408163,0.666865975403217
0.137916666666667,9.81632653061225,0.718040299410116
0.137916666666667,9.85714285714286,0.769020944992312
0.137916666666667,9.89795918367347,0.812820633254244
0.137916666666667,9.93877551020408,0.848030071309494
0.137916666666667,9.97959183673469,0.875588801535368
0.137916666666667,10.0204081632653,0.897018102442568
0.137916666666667,10.0612244897959,0.913739434516655
0.137916666666667,10.1020408163265,0.926894767744122
0.137916666666667,10.1428571428571,0.937349899708769
0.137916666666667,10.1836734693878,0.945756892162451
0.137916666666667,10.2244897959184,0.952703215640546
0.137916666666667,10.265306122449,0.958740005044614
0.137916666666667,10.3061224489796,0.963509980313605
0.137916666666667,10.3469387755102,0.967392651314651
0.137916666666667,10.3877551020408,0.970686768098793
0.137916666666667,10.4285714285714,0.973509772781683
0.137916666666667,10.469387755102,0.975944737986908
0.137916666666667,10.5102040816327,0.978057913321745
0.137916666666667,10.5510204081633,0.979902711847367
0.137916666666667,10.5918367346939,0.981522323166044
0.137916666666667,10.6326530612245,0.982951817060013
0.137916666666667,10.6734693877551,0.98421982242766
0.137916666666667,10.7142857142857,0.985349846781254
0.137916666666667,10.7551020408163,0.98636130635772
0.137916666666667,10.7959183673469,0.987270329354784
0.137916666666667,10.8367346938776,0.988090382806283
0.137916666666667,10.8775510204082,0.988832761623439
0.137916666666667,10.9183673469388,0.989506967321585
0.137916666666667,10.9591836734694,0.990120992904425
0.137916666666667,11,0.990681516830003
0.145208333333333,9,0.97493646898408
0.145208333333333,9.04081632653061,0.971405428219811
0.145208333333333,9.08163265306122,0.967136790866159
0.145208333333333,9.12244897959184,0.961919985631599
0.145208333333333,9.16326530612245,0.955459517533384
0.145208333333333,9.20408163265306,0.947307667241583
0.145208333333333,9.24489795918367,0.936947745701415
0.145208333333333,9.28571428571428,0.924433973558522
0.145208333333333,9.3265306122449,0.907967280104151
0.145208333333333,9.36734693877551,0.886266868722404
0.145208333333333,9.40816326530612,0.857747872184704
0.145208333333333,9.44897959183674,0.82055576164073
0.145208333333333,9.48979591836735,0.773430487413492
0.145208333333333,9.53061224489796,0.717905507121916
0.145208333333333,9.57142857142857,0.662331698167246
0.145208333333333,9.61224489795918,0.624457670787358
0.145208333333333,9.65306122448979,0.622610897851204
0.145208333333333,9.69387755102041,0.657041837193821
0.145208333333333,9.73469387755102,0.709865776407035
0.145208333333333,9.77551020408163,0.763561007608408
0.145208333333333,9.81632653061225,0.809720586114133
0.145208333333333,9.85714285714286,0.846595844216098
0.145208333333333,9.89795918367347,0.875222450582896
0.145208333333333,9.93877551020408,0.897300646923136
0.145208333333333,9.97959183673469,0.914401760395407
0.145208333333333,10.0204081632653,0.927772318401282
0.145208333333333,10.0612244897959,0.938345987637744
0.145208333333333,10.1020408163265,0.946807459895005
0.145208333333333,10.1428571428571,0.953657175812764
0.145208333333333,10.1836734693878,0.959270456223952
0.145208333333333,10.2244897959184,0.964000430691433
0.145208333333333,10.265306122449,0.968168490230674
0.145208333333333,10.3061224489796,0.97149841520698
0.145208333333333,10.3469387755102,0.974257155718747
0.145208333333333,10.3877551020408,0.976633125616962
0.145208333333333,10.4285714285714,0.978696064905496
0.145208333333333,10.469387755102,0.980496657780713
0.145208333333333,10.5102040816327,0.98207644141426
0.145208333333333,10.5510204081633,0.983469595441607
0.145208333333333,10.5918367346939,0.98470422488576
0.145208333333333,10.6326530612245,0.985803489218013
0.145208333333333,10.6734693877551,0.98678654838932
0.145208333333333,10.7142857142857,0.987669329367061
0.145208333333333,10.7551020408163,0.988465137978112
0.145208333333333,10.7959183673469,0.989185144484512
0.145208333333333,10.8367346938776,0.989838768033853
0.145208333333333,10.8775510204082,0.99043397984161
0.145208333333333,10.9183673469388,0.990977539041152
0.145208333333333,10.9591836734694,0.991475167961636
0.145208333333333,11,0.991931662753593
0.1525,9,0.969802439057194
0.1525,9.04081632653061,0.965060749545708
0.1525,9.08163265306122,0.959213097469806
0.1525,9.12244897959184,0.951909224676546
0.1525,9.16326530612245,0.942648935112754
0.1525,9.20408163265306,0.930677839359308
0.1525,9.24489795918367,0.915162273727424
0.1525,9.28571428571428,0.895881262423645
0.1525,9.3265306122449,0.869862297348954
0.1525,9.36734693877551,0.835223739494743
0.1525,9.40816326530612,0.790250516537639
0.1525,9.44897959183674,0.735030962583102
0.1525,9.48979591836735,0.675504089875932
0.1525,9.53061224489796,0.62804729555743
0.1525,9.57142857142857,0.614802983159066
0.1525,9.61224489795918,0.642889626489249
0.1525,9.65306122448979,0.695742933170652
0.1525,9.69387755102041,0.752492254330998
0.1525,9.73469387755102,0.802014090297762
0.1525,9.77551020408163,0.841565310722528
0.1525,9.81632653061225,0.872081829486695
0.1525,9.85714285714286,0.895430130379717
0.1525,9.89795918367347,0.913368211473525
0.1525,9.93877551020408,0.92728716666348
0.1525,9.97959183673469,0.938220717712075
0.1525,10.0204081632653,0.94692017150816
0.1525,10.0612244897959,0.953929292774363
0.1525,10.1020408163265,0.95964338024041
0.1525,10.1428571428571,0.96435288029622
0.1525,10.1836734693878,0.96827995241361
0.1525,10.2244897959184,0.971646351527531
0.1525,10.265306122449,0.97464730784713
0.1525,10.3061224489796,0.977069309795529
0.1525,10.3469387755102,0.979106716223524
0.1525,10.3877551020408,0.980883747896487
0.1525,10.4285714285714,0.98244368241661
0.1525,10.469387755102,0.98381888532607
0.1525,10.5102040816327,0.985036594617142
0.1525,10.5510204081633,0.986119650862709
0.1525,10.5918367346939,0.987087120952505
0.1525,10.6326530612245,0.987954923038042
0.1525,10.6734693877551,0.988736381743099
0.1525,10.7142857142857,0.989442693103818
0.1525,10.7551020408163,0.990083304056035
0.1525,10.7959183673469,0.990666218726613
0.1525,10.8367346938776,0.991198244126697
0.1525,10.8775510204082,0.991685185634549
0.1525,10.9183673469388,0.992131999221194
0.1525,10.9591836734694,0.992542902197456
0.1525,11,0.992921434845116
0.159791666666667,9,0.963060153623696
0.159791666666667,9.04081632653061,0.956562153110807
0.159791666666667,9.08163265306122,0.948367035156936
0.159791666666667,9.12244897959184,0.937880693784738
0.159791666666667,9.16326530612245,0.924243263494498
0.159791666666667,9.20408163265306,0.906175711562544
0.159791666666667,9.24489795918367,0.88237238081569
0.159791666666667,9.28571428571428,0.852119880298378
0.159791666666667,9.3265306122449,0.811070715480642
0.159791666666667,9.36734693877551,0.758316320608097
0.159791666666667,9.40816326530612,0.696976062034963
0.159791666666667,9.44897959183674,0.639853559483934
0.159791666666667,9.48979591836735,0.610651022129473
0.159791666666667,9.53061224489796,0.626113558630292
0.159791666666667,9.57142857142857,0.675616982673058
0.159791666666667,9.61224489795918,0.735128775377663
0.159791666666667,9.65306122448979,0.789026585601694
0.159791666666667,9.69387755102041,0.832450739434066
0.159791666666667,9.73469387755102,0.865858240648683
0.159791666666667,9.77551020408163,0.891229369283501
0.159791666666667,9.81632653061225,0.910551005743116
0.159791666666667,9.85714285714286,0.925412601983477
0.159791666666667,9.89795918367347,0.936991538576755
0.159791666666667,9.93877551020408,0.946136899302598
0.159791666666667,9.97959183673469,0.953457719001221
0.159791666666667,10.0204081632653,0.959392847269302
0.159791666666667,10.0612244897959,0.964261427710318
0.159791666666667,10.1020408163265,0.968298209131751
0.159791666666667,10.1428571428571,0.971678514075043
0.159791666666667,10.1836734693878,0.974540067485102
0.159791666666667,10.2244897959184,0.977029154117805
0.159791666666667,10.265306122449,0.979268732581117
0.159791666666667,10.3061224489796,0.98109252778259
0.159791666666667,10.3469387755102,0.982647133270903
0.159791666666667,10.3877551020408,0.984017626109015
0.159791666666667,10.4285714285714,0.985231882411548
0.159791666666667,10.469387755102,0.986311412640932
0.159791666666667,10.5102040816327,0.987274797239684
0.159791666666667,10.5510204081633,0.988137891348552
0.159791666666667,10.5918367346939,0.988914111102686
0.159791666666667,10.6326530612245,0.989614787163812
0.159791666666667,10.6734693877551,0.990249502391024
0.159791666666667,10.7142857142857,0.990826384946575
0.159791666666667,10.7551020408163,0.991352352975095
0.159791666666667,10.7959183673469,0.991833315289132
0.159791666666667,10.8367346938776,0.992274334255632
0.159791666666667,10.8775510204082,0.992679756295335
0.159791666666667,10.9183673469388,0.993053313237238
0.159791666666667,10.9591836734694,0.993398193696525
0.159791666666667,11,0.99371707503895
0.167083333333333,9,0.954040393583553
0.167083333333333,9.04081632653061,0.944937456650192
0.167083333333333,9.08163265306122,0.933171047980057
0.167083333333333,9.12244897959184,0.917722986637573
0.167083333333333,9.16326530612245,0.897121969490698
0.167083333333333,9.20408163265306,0.869283093403351
0.167083333333333,9.24489795918367,0.832530004677733
0.167083333333333,9.28571428571428,0.786013144406436
0.167083333333333,9.3265306122449,0.726497468434803
0.167083333333333,9.36734693877551,0.662592409417945
0.167083333333333,9.40816326530612,0.615494617276321
0.167083333333333,9.44897959183674,0.610757662218995
0.167083333333333,9.48979591836735,0.650470803719889
0.167083333333333,9.53061224489796,0.710792960051017
0.167083333333333,9.57142857142857,0.76974702222703
0.167083333333333,9.61224489795918,0.818409998837756
0.167083333333333,9.65306122448979,0.855958048656049
0.167083333333333,9.69387755102041,0.88430761554799
0.167083333333333,9.73469387755102,0.905702051309068
0.167083333333333,9.77551020408163,0.921996131733991
0.167083333333333,9.81632653061225,0.934569827736521
0.167083333333333,9.85714285714286,0.94441300027397
0.167083333333333,9.89795918367347,0.952229393592258
0.167083333333333,9.93877551020408,0.958521147033291
0.167083333333333,9.97959183673469,0.963649940666018
0.167083333333333,10.0204081632653,0.967879415559472
0.167083333333333,10.0612244897959,0.971404222650762
0.167083333333333,10.1020408163265,0.974369975902679
0.167083333333333,10.1428571428571,0.976887493343031
0.167083333333333,10.1836734693878,0.979046353058147
0.167083333333333,10.2244897959184,0.980947642583225
0.167083333333333,10.265306122449,0.982670945427687
0.167083333333333,10.3061224489796,0.984085132684886
0.167083333333333,10.3469387755102,0.98530458381726
0.167083333333333,10.3877551020408,0.98638946951299
0.167083333333333,10.4285714285714,0.987358287829581
0.167083333333333,10.469387755102,0.988225831983493
0.167083333333333,10.5102040816327,0.989005218685313
0.167083333333333,10.5510204081633,0.989707825136822
0.167083333333333,10.5918367346939,0.990343397013566
0.167083333333333,10.6326530612245,0.990920250021308
0.167083333333333,10.6734693877551,0.991445481397792
0.167083333333333,10.7142857142857,0.991925161014955
0.167083333333333,10.7551020408163,0.992364494629164
0.167083333333333,10.7959183673469,0.992767959870094
0.167083333333333,10.8367346938776,0.993139417795002
0.167083333333333,10.8775510204082,0.993482202719336
0.167083333333333,10.9183673469388,0.993799191538637
0.167083333333333,10.9591836734694,0.994092850331612
0.167083333333333,11,0.994365247938796
0.174375,9,0.941728778270633
0.174375,9.04081632653061,0.928679546569406
0.174375,9.08163265306122,0.911373919938439
0.174375,9.12244897959184,0.888092074327148
0.174375,9.16326530612245,0.856465551908484
0.174375,9.20408163265306,0.813681750561363
0.174375,9.24489795918367,0.759534236633099
0.174375,9.28571428571428,0.696857167553825
0.174375,9.3265306122449,0.635021428493487
0.174375,9.36734693877551,0.604153336776328
0.174375,9.40816326530612,0.623842475080194
0.174375,9.44897959183674,0.679483554137489
0.174375,9.48979591836735,0.742931497600265
0.174375,9.53061224489796,0.798175623389654
0.174375,9.57142857142857,0.841416098628357
0.174375,9.61224489795918,0.873997874035978
0.174375,9.65306122448979,0.89837656532056
0.174375,9.69387755102041,0.916744790342548
0.174375,9.73469387755102,0.930763619733326
0.174375,9.77551020408163,0.941623729436741
0.174375,9.81632653061225,0.950165116853743
0.174375,9.85714285714286,0.956981011343907
0.174375,9.89795918367347,0.96249407818758
0.174375,9.93877551020408,0.967009173235795
0.174375,9.97959183673469,0.970749177592179
0.174375,10.0204081632653,0.973879287724009
0.174375,10.0612244897959,0.976523585957743
0.174375,10.1020408163265,0.978776515794294
0.174375,10.1428571428571,0.980711306725032
0.174375,10.1836734693878,0.982388899157932
0.174375,10.2244897959184,0.983882139227626
0.174375,10.265306122449,0.985243400797305
0.174375,10.3061224489796,0.986367615987834
0.174375,10.3469387755102,0.987346946525103
0.174375,10.3877551020408,0.988225118738344
0.174375,10.4285714285714,0.989014678361277
0.174375,10.469387755102,0.989726094436797
0.174375,10.5102040816327,0.990368904325379
0.174375,10.5510204081633,0.990951510794717
0.174375,10.5918367346939,0.991481192888575
0.174375,10.6326530612245,0.991964219136885
0.174375,10.6734693877551,0.992405983010152
0.174375,10.7142857142857,0.992811131132569
0.174375,10.7551020408163,0.993183675500508
0.174375,10.7959183673469,0.993527088398219
0.174375,10.8367346938776,0.993844381019819
0.174375,10.8775510204082,0.994138167000116
0.174375,10.9183673469388,0.994410710939584
0.174375,10.9591836734694,0.994663958996996
0.174375,11,0.994899540885166
0.181666666666667,9,0.924568299293263
0.181666666666667,9.04081632653061,0.905442795596389
0.181666666666667,9.08163265306122,0.879482562128295
0.181666666666667,9.12244897959184,0.844015681040108
0.181666666666667,9.16326530612245,0.796085090377906
0.181666666666667,9.20408163265306,0.734731155179908
0.181666666666667,9.24489795918367,0.669265995225195
0.181666666666667,9.28571428571428,0.61648491889636
0.181666666666667,9.3265306122449,0.604278192617576
0.181666666666667,9.36734693877551,0.643637649399908
0.181666666666667,9.40816326530612,0.7076283080653
0.181666666666667,9.44897959183674,0.770049899558979
0.181666666666667,9.48979591836735,0.820772441020065
0.181666666666667,9.53061224489796,0.859244614564184
0.181666666666667,9.57142857142857,0.887854575151351
0.181666666666667,9.61224489795918,0.909175686794015
0.181666666666667,9.65306122448979,0.92524909502497
0.181666666666667,9.69387755102041,0.937550685390164
0.181666666666667,9.73469387755102,0.947116714584859
0.181666666666667,9.77551020408163,0.954671761765616
0.181666666666667,9.81632653061225,0.960726048155951
0.181666666666667,9.85714285714286,0.965643190506706
0.181666666666667,9.89795918367347,0.969685978655611
0.181666666666667,9.93877551020408,0.973047107370671
0.181666666666667,9.97959183673469,0.97586989828287
0.181666666666667,10.0204081632653,0.978262407688132
0.181666666666667,10.0612244897959,0.980307156483943
0.181666666666667,10.1020408163265,0.982067984986763
0.181666666666667,10.1428571428571,0.983595283182761
0.181666666666667,10.1836734693878,0.984932235291224
0.181666666666667,10.2244897959184,0.986133351466652
0.181666666666667,10.265306122449,0.9872332375113
0.181666666666667,10.3061224489796,0.98814616433101
0.181666666666667,10.3469387755102,0.988948688126806
0.181666666666667,10.3877551020408,0.989673329130396
0.181666666666667,10.4285714285714,0.990328708849059
0.181666666666667,10.469387755102,0.990922411058942
0.181666666666667,10.5102040816327,0.991461548335485
0.181666666666667,10.5510204081633,0.991952484033772
0.181666666666667,10.5918367346939,0.992400788649248
0.181666666666667,10.6326530612245,0.992811299783167
0.181666666666667,10.6734693877551,0.993188210079882
0.181666666666667,10.7142857142857,0.993535155291435
0.181666666666667,10.7551020408163,0.993855293422383
0.181666666666667,10.7959183673469,0.994151372714718
0.181666666666667,10.8367346938776,0.994425788478538
0.181666666666667,10.8775510204082,0.994680629109032
0.181666666666667,10.9183673469388,0.994917710739713
0.181666666666667,10.9591836734694,0.995138597254694
0.181666666666667,11,0.995344594923766
0.188958333333333,9,0.900172789270611
0.188958333333333,9.04081632653061,0.871672845378937
0.188958333333333,9.08163265306122,0.832529310492759
0.188958333333333,9.12244897959184,0.779776790817157
0.188958333333333,9.16326530612245,0.713543699997949
0.188958333333333,9.20408163265306,0.645307050227944
0.188958333333333,9.24489795918367,0.605947871533464
0.188958333333333,9.28571428571428,0.612790775794448
0.188958333333333,9.3265306122449,0.665043663606192
0.188958333333333,9.36734693877551,0.732250720373018
0.188958333333333,9.40816326530612,0.791960635624727
0.188958333333333,9.44897959183674,0.838431680199026
0.188958333333333,9.48979591836735,0.873005513782455
0.188958333333333,9.53061224489796,0.898524647289745
0.188958333333333,9.57142857142857,0.917512272934802
0.188958333333333,9.61224489795918,0.931845714572827
0.188958333333333,9.65306122448979,0.942845650664604
0.188958333333333,9.69387755102041,0.951428006272752
0.188958333333333,9.73469387755102,0.958230022568136
0.188958333333333,9.77551020408163,0.963699885855157
0.188958333333333,9.81632653061225,0.968157280318237
0.188958333333333,9.85714285714286,0.971833706106226
0.188958333333333,9.89795918367347,0.974899356190147
0.188958333333333,9.93877551020408,0.97748118627502
0.188958333333333,9.97959183673469,0.979675209750484
0.188958333333333,10.0204081632653,0.981554977879531
0.188958333333333,10.0612244897959,0.983177520577768
0.188958333333333,10.1020408163265,0.984587620086249
0.188958333333333,10.1428571428571,0.985821227439374
0.188958333333333,10.1836734693878,0.986910090746822
0.188958333333333,10.2244897959184,0.987896416779053
0.188958333333333,10.265306122449,0.988802784040184
0.188958333333333,10.3061224489796,0.989557843535085
0.188958333333333,10.3469387755102,0.990227038832397
0.188958333333333,10.3877551020408,0.990835045865204
0.188958333333333,10.4285714285714,0.991387807156575
0.188958333333333,10.469387755102,0.991890917485834
0.188958333333333,10.5102040816327,0.992349796573657
0.188958333333333,10.5510204081633,0.992769369264525
0.188958333333333,10.5918367346939,0.993153990252944
0.188958333333333,10.6326530612245,0.99350747079351
0.188958333333333,10.6734693877551,0.993833135922284
0.188958333333333,10.7142857142857,0.994133886052169
0.188958333333333,10.7551020408163,0.994412254015892
0.188958333333333,10.7959183673469,0.994670454868707
0.188958333333333,10.8367346938776,0.994910427892148
0.188958333333333,10.8775510204082,0.995133870637878
0.188958333333333,10.9183673469388,0.995342264105764
0.188958333333333,10.9591836734694,0.995536885635401
0.188958333333333,11,0.995718798867686
0.19625,9,0.865018647696648
0.19625,9.04081632653061,0.82255682358769
0.19625,9.08163265306122,0.765528504467793
0.19625,9.12244897959184,0.695591849657489
0.19625,9.16326530612245,0.628424448742676
0.19625,9.20408163265306,0.598683808169358
0.19625,9.24489795918367,0.626796913388035
0.19625,9.28571428571428,0.685310277302517
0.19625,9.3265306122449,0.752466941986252
0.19625,9.36734693877551,0.809155114190675
0.19625,9.40816326530612,0.852063852167896
0.19625,9.44897959183674,0.883586405193382
0.19625,9.48979591836735,0.906744814327141
0.19625,9.53061224489796,0.923964764073927
0.19625,9.57142857142857,0.936981313356566
0.19625,9.61224489795918,0.946993483160102
0.19625,9.65306122448979,0.954826110250355
0.19625,9.69387755102041,0.961051226865336
0.19625,9.73469387755102,0.966070921049074
0.19625,9.77551020408163,0.970172239643751
0.19625,9.81632653061225,0.973563389064433
0.19625,9.85714285714286,0.976397753170262
0.19625,9.89795918367347,0.978790010034668
0.19625,9.93877551020408,0.980827095083186
0.19625,9.97959183673469,0.982575767198767
0.19625,10.0204081632653,0.984087908641151
0.19625,10.0612244897959,0.985404301253729
0.19625,10.1020408163265,0.986557406377422
0.19625,10.1428571428571,0.987573711867061
0.19625,10.1836734693878,0.988477347032522
0.19625,10.2244897959184,0.98930203233336
0.19625,10.265306122449,0.990061938976047
0.19625,10.3061224489796,0.990696428781796
0.19625,10.3469387755102,0.991262959241467
0.19625,10.3877551020408,0.991780588982497
0.19625,10.4285714285714,0.992253371755849
0.19625,10.469387755102,0.992685489719966
0.19625,10.5102040816327,0.993081148207007
0.19625,10.5510204081633,0.99344423129363
0.19625,10.5918367346939,0.993778207388788
0.19625,10.6326530612245,0.994086134402375
0.19625,10.6734693877551,0.994370696456234
0.19625,10.7142857142857,0.994634247499146
0.19625,10.7551020408163,0.994878853159137
0.19625,10.7959183673469,0.995106327939535
0.19625,10.8367346938776,0.995318266877088
0.19625,10.8775510204082,0.995516071205601
0.19625,10.9183673469388,0.995700966925722
0.19625,10.9591836734694,0.995874012835249
0.19625,11,0.996036087564803
0.203541666666667,9,0.814570652176844
0.203541666666667,9.04081632653061,0.753981325840831
0.203541666666667,9.08163265306122,0.68135873673964
0.203541666666667,9.12244897959184,0.616749661711395
0.203541666666667,9.16326530612245,0.597339345217525
0.203541666666667,9.20408163265306,0.637737346423465
0.203541666666667,9.24489795918367,0.705025397667064
0.203541666666667,9.28571428571428,0.768422385464438
0.203541666666667,9.3265306122449,0.822247280191857
0.203541666666667,9.36734693877551,0.862419125277519
0.203541666666667,9.40816326530612,0.891652569368504
0.203541666666667,9.44897959183674,0.913048084543624
0.203541666666667,9.48979591836735,0.928946180794648
0.203541666666667,9.53061224489796,0.940973881739878
0.203541666666667,9.57142857142857,0.950240292734984
0.203541666666667,9.61224489795918,0.957503479686328
0.203541666666667,9.65306122448979,0.963287735575984
0.203541666666667,9.69387755102041,0.967961333778638
0.203541666666667,9.73469387755102,0.971787294059065
0.203541666666667,9.77551020408163,0.974956597838563
0.203541666666667,9.81632653061225,0.977610138264646
0.203541666666667,9.85714285714286,0.97985342316795
0.203541666666667,9.89795918367347,0.981766571681477
0.203541666666667,9.93877551020408,0.983411215334646
0.203541666666667,9.97959183673469,0.984835334524768
0.203541666666667,10.0204081632653,0.986076699923104
0.203541666666667,10.0612244897959,0.987165366688865
0.203541666666667,10.1020408163265,0.98812555729325
0.203541666666667,10.1428571428571,0.98897735436175
0.203541666666667,10.1836734693878,0.989739658825908
0.203541666666667,10.2244897959184,0.990440203618499
0.203541666666667,10.265306122449,0.991087111045659
0.203541666666667,10.3061224489796,0.991627722070368
0.203541666666667,10.3469387755102,0.99211372927733
0.203541666666667,10.3877551020408,0.992560090744997
0.203541666666667,10.4285714285714,0.992969488136848
0.203541666666667,10.469387755102,0.993345072516976
0.203541666666667,10.5102040816327,0.993690156380576
0.203541666666667,10.5510204081633,0.99400785338987
0.203541666666667,10.5918367346939,0.994300971728669
0.203541666666667,10.6326530612245,0.994572004774373
0.203541666666667,10.6734693877551,0.994823153676008
0.203541666666667,10.7142857142857,0.995056358408116
0.203541666666667,10.7551020408163,0.995273328908632
0.203541666666667,10.7959183673469,0.995475573319105
0.203541666666667,10.8367346938776,0.995664422257163
0.203541666666667,10.8775510204082,0.995841048489577
0.203541666666667,10.9183673469388,0.996006480808498
0.203541666666667,10.9591836734694,0.996161608709239
0.203541666666667,11,0.996307167657542
0.210833333333333,9,0.745591470487101
0.210833333333333,9.04081632653061,0.671086071151117
0.210833333333333,9.08163265306122,0.60925734948157
0.210833333333333,9.12244897959184,0.598866903270946
0.210833333333333,9.16326530612245,0.647287440505878
0.210833333333333,9.20408163265306,0.719100113625518
0.210833333333333,9.24489795918367,0.782555527420786
0.210833333333333,9.28571428571428,0.831830681651446
0.210833333333333,9.3265306122449,0.870033165510559
0.210833333333333,9.36734693877551,0.897677094457325
0.210833333333333,9.40816326530612,0.917813254099415
0.210833333333333,9.44897959183674,0.932750578063441
0.210833333333333,9.48979591836735,0.944050774681087
0.210833333333333,9.53061224489796,0.952763060088715
0.210833333333333,9.57142857142857,0.959599422119306
0.210833333333333,9.61224489795918,0.965050594444328
0.210833333333333,9.65306122448979,0.969460783286441
0.210833333333333,9.69387755102041,0.973075740358016
0.210833333333333,9.73469387755102,0.97607396405455
0.210833333333333,9.77551020408163,0.978587227394245
0.210833333333333,9.81632653061225,0.98071429595854
0.210833333333333,9.85714285714286,0.982530244381442
0.210833333333333,9.89795918367347,0.984092885657311
0.210833333333333,9.93877551020408,0.985447277240793
0.210833333333333,9.97959183673469,0.986628926826532
0.210833333333333,10.0204081632653,0.987666108114788
0.210833333333333,10.0612244897959,0.988581567888377
0.210833333333333,10.1020408163265,0.989393850633587
0.210833333333333,10.1428571428571,0.990118577578613
0.210833333333333,10.1836734693878,0.990770967858257
0.210833333333333,10.2244897959184,0.991374452227283
0.210833333333333,10.265306122449,0.991932686065204
0.210833333333333,10.3061224489796,0.99239894104029
0.210833333333333,10.3469387755102,0.99282075096548
0.210833333333333,10.3877551020408,0.993210031809632
0.210833333333333,10.4285714285714,0.9935684403271
0.210833333333333,10.469387755102,0.993898355758578
0.210833333333333,10.5102040816327,0.994202419335036
0.210833333333333,10.5510204081633,0.99448316252349
0.210833333333333,10.5918367346939,0.994742891983595
0.210833333333333,10.6326530612245,0.994983670080685
0.210833333333333,10.6734693877551,0.995207327421434
0.210833333333333,10.7142857142857,0.995415484897551
0.210833333333333,10.7551020408163,0.995609577082725
0.210833333333333,10.7959183673469,0.995790873967157
0.210833333333333,10.8367346938776,0.995960499846765
0.210833333333333,10.8775510204082,0.996119448631614
0.210833333333333,10.9183673469388,0.996268594335534
0.210833333333333,10.9591836734694,0.996408693428572
0.210833333333333,11,0.996540369114041
0.218125,9,0.664780907032554
0.218125,9.04081632653061,0.605026517909697
0.218125,9.08163265306122,0.60111496759299
0.218125,9.12244897959184,0.655006023791258
0.218125,9.16326530612245,0.728236886431493
0.218125,9.20408163265306,0.792743713349063
0.218125,9.24489795918367,0.840079445961077
0.218125,9.28571428571428,0.87525026032374
0.218125,9.3265306122449,0.901955420987328
0.218125,9.36734693877551,0.921297417716348
0.218125,9.40816326530612,0.935584086452754
0.218125,9.44897959183674,0.946374019846633
0.218125,9.48979591836735,0.95468935933766
0.218125,9.53061224489796,0.961215303931981
0.218125,9.57142857142857,0.966421284919641
0.218125,9.61224489795918,0.970635565480134
0.218125,9.65306122448979,0.974092161694707
0.218125,9.69387755102041,0.976960935972778
0.218125,9.73469387755102,0.97936726483279
0.218125,9.77551020408163,0.981405131360837
0.218125,9.81632653061225,0.983145996774813
0.218125,9.85714285714286,0.984644914708474
0.218125,9.89795918367347,0.98594481342503
0.218125,9.93877551020408,0.987079540827207
0.218125,9.97959183673469,0.988076061580949
0.218125,10.0204081632653,0.98895606708616
0.218125,10.0612244897959,0.989737182555608
0.218125,10.1020408163265,0.990433932755222
0.218125,10.1428571428571,0.991058751439708
0.218125,10.1836734693878,0.991624206295741
0.218125,10.2244897959184,0.99215059257051
0.218125,10.265306122449,0.992638188013178
0.218125,10.3061224489796,0.993044647387902
0.218125,10.3469387755102,0.993414524717438
0.218125,10.3877551020408,0.993757448387638
0.218125,10.4285714285714,0.99407428943792
0.218125,10.469387755102,0.994366835756398
0.218125,10.5102040816327,0.994637213496691
0.218125,10.5510204081633,0.994887505840993
0.218125,10.5918367346939,0.995119631684012
0.218125,10.6326530612245,0.995335318717606
0.218125,10.6734693877551,0.995536108611981
0.218125,10.7142857142857,0.995723372431971
0.218125,10.7551020408163,0.995898328314954
0.218125,10.7959183673469,0.996062058381406
0.218125,10.8367346938776,0.996215523625
0.218125,10.8775510204082,0.996359575986172
0.218125,10.9183673469388,0.996494966364609
0.218125,10.9591836734694,0.996622345357948
0.218125,11,0.996742247077818
0.225416666666667,9,0.603313130861171
0.225416666666667,9.04081632653061,0.602867819977402
0.225416666666667,9.08163265306122,0.659971751065612
0.225416666666667,9.12244897959184,0.734103272289748
0.225416666666667,9.16326530612245,0.798262448518996
0.225416666666667,9.20408163265306,0.846314426169255
0.225416666666667,9.24489795918367,0.879639621640841
0.225416666666667,9.28571428571428,0.904609552909137
0.225416666666667,9.3265306122449,0.923640421848666
0.225416666666667,9.36734693877551,0.93758119199489
0.225416666666667,9.40816326530612,0.948056000915781
0.225416666666667,9.44897959183674,0.956110172332388
0.225416666666667,9.48979591836735,0.962424625050247
0.225416666666667,9.53061224489796,0.967459600386232
0.225416666666667,9.57142857142857,0.971534804015608
0.225416666666667,9.61224489795918,0.974877341247465
0.225416666666667,9.65306122448979,0.977651722862436
0.225416666666667,9.69387755102041,0.979979228352292
0.225416666666667,9.73469387755102,0.981950703378467
0.225416666666667,9.77551020408163,0.983635193859239
0.225416666666667,9.81632653061225,0.985085880197859
0.225416666666667,9.85714285714286,0.986344225834649
0.225416666666667,9.89795918367347,0.987442923436968
0.225416666666667,9.93877551020408,0.988408018220528
0.225416666666667,9.97959183673469,0.989260460201669
0.225416666666667,10.0204081632653,0.990017257096448
0.225416666666667,10.0612244897959,0.990692353714481
0.225416666666667,10.1020408163265,0.99129736003366
0.225416666666667,10.1428571428571,0.99184238048652
0.225416666666667,10.1836734693878,0.992338035927513
0.225416666666667,10.2244897959184,0.992802312173029
0.225416666666667,10.265306122449,0.993232877284458
0.225416666666667,10.3061224489796,0.993590591472743
0.225416666666667,10.3469387755102,0.993917905425243
0.225416666666667,10.3877551020408,0.994222708001126
0.225416666666667,10.4285714285714,0.994505253178447
0.225416666666667,10.469387755102,0.994766865912936
0.225416666666667,10.5102040816327,0.99500926967948
0.225416666666667,10.5510204081633,0.995234196543131
0.225416666666667,10.5918367346939,0.99544326073595
0.225416666666667,10.6326530612245,0.995637926068257
0.225416666666667,10.6734693877551,0.99581950556231
0.225416666666667,10.7142857142857,0.995989171875911
0.225416666666667,10.7551020408163,0.996147970665734
0.225416666666667,10.7959183673469,0.996296833852142
0.225416666666667,10.8367346938776,0.996436591486379
0.225416666666667,10.8775510204082,0.996567981388997
0.225416666666667,10.9183673469388,0.996691655329582
0.225416666666667,10.9591836734694,0.996808178652009
0.225416666666667,11,0.996918013992321
0.232708333333333,9,0.603530444737138
0.232708333333333,9.04081632653061,0.661844954868554
0.232708333333333,9.08163265306122,0.736726532321778
0.232708333333333,9.12244897959184,0.80097246358859
0.232708333333333,9.16326530612245,0.848986551388851
0.232708333333333,9.20408163265306,0.883221309745659
0.232708333333333,9.24489795918367,0.906735974728212
0.232708333333333,9.28571428571428,0.924839313636624
0.232708333333333,9.3265306122449,0.938797998520232
0.232708333333333,9.36734693877551,0.94916554719814
0.232708333333333,9.40816326530612,0.957087298516611
0.232708333333333,9.44897959183674,0.963279459664096
0.232708333333333,9.48979591836735,0.968208880704887
0.232708333333333,9.53061224489796,0.972194647136431
0.232708333333333,9.57142857142857,0.975461635061087
0.232708333333333,9.61224489795918,0.978172027293617
0.232708333333333,9.65306122448979,0.980445065149309
0.232708333333333,9.69387755102041,0.982369907358155
0.232708333333333,9.73469387755102,0.984014231785781
0.232708333333333,9.77551020408163,0.985430116348569
0.232708333333333,9.81632653061225,0.986658135997602
0.232708333333333,9.85714285714286,0.987730265148377
0.232708333333333,9.89795918367347,0.988671965486209
0.232708333333333,9.93877551020408,0.989503709297121
0.232708333333333,9.97959183673469,0.990242106617405
0.232708333333333,10.0204081632653,0.990900753238806
0.232708333333333,10.0612244897959,0.99149088915605
0.232708333333333,10.1020408163265,0.992021965015378
0.232708333333333,10.1428571428571,0.992502348473838
0.232708333333333,10.1836734693878,0.992941206792049
0.232708333333333,10.2244897959184,0.993354812846356
0.232708333333333,10.265306122449,0.993738778081632
0.232708333333333,10.3061224489796,0.994056266114317
0.232708333333333,10.3469387755102,0.994348282759232
0.232708333333333,10.3877551020408,0.994621382068503
0.232708333333333,10.4285714285714,0.994875322462081
0.232708333333333,10.469387755102,0.995111059223792
0.232708333333333,10.5102040816327,0.995329995583002
0.232708333333333,10.5510204081633,0.995533584272884
0.232708333333333,10.5918367346939,0.995723196625685
0.232708333333333,10.6326530612245,0.995900085462792
0.232708333333333,10.6734693877551,0.996065380421662
0.232708333333333,10.7142857142857,0.996220094531851
0.232708333333333,10.7551020408163,0.996365134258632
0.232708333333333,10.7959183673469,0.99650130996354
0.232708333333333,10.8367346938776,0.996629345449498
0.232708333333333,10.8775510204082,0.996749885740326
0.232708333333333,10.9183673469388,0.996863501891386
0.232708333333333,10.9591836734694,0.996970689857818
0.232708333333333,11,0.997071854364111
0.24,9,0.660574671471597
0.24,9.04081632653061,0.736138958471573
0.24,9.08163265306122,0.801109115618199
0.24,9.12244897959184,0.849560397895591
0.24,9.16326530612245,0.884187870075378
0.24,9.20408163265306,0.908705533245766
0.24,9.24489795918367,0.925670076499898
0.24,9.28571428571428,0.939169409117286
0.24,9.3265306122449,0.949715651494206
0.24,9.36734693877551,0.957654362466547
0.24,9.40816326530612,0.963813740301638
0.24,9.44897959183674,0.96869925639162
0.24,9.48979591836735,0.97264104692533
0.24,9.53061224489796,0.975867274353388
0.24,9.57142857142857,0.97854094235768
0.24,9.61224489795918,0.980781261870827
0.24,9.65306122448979,0.982677069543341
0.24,9.69387755102041,0.984295640724507
0.24,9.73469387755102,0.98568865285381
0.24,9.77551020408163,0.986896313385953
0.24,9.81632653061225,0.987950271579906
0.24,9.85714285714286,0.988875706494533
0.24,9.89795918367347,0.98969284658244
0.24,9.93877551020408,0.99041809096847
0.24,9.97959183673469,0.991064848415976
0.24,10.0204081632653,0.991644176396992
0.24,10.0612244897959,0.992165286682592
0.24,10.1020408163265,0.992635999245606
0.24,10.1428571428571,0.993063363329829
0.24,10.1836734693878,0.993455445144693
0.24,10.2244897959184,0.993827242712767
0.24,10.265306122449,0.994172717002791
0.24,10.3061224489796,0.99445664008247
0.24,10.3469387755102,0.994719071869468
0.24,10.3877551020408,0.994965534876908
0.24,10.4285714285714,0.995195381282837
0.24,10.469387755102,0.995409265716695
0.24,10.5102040816327,0.99560833268007
0.24,10.5510204081633,0.995793809487118
0.24,10.5918367346939,0.99596687120285
0.24,10.6326530612245,0.996128599784458
0.24,10.6734693877551,0.996279975971611
0.24,10.7142857142857,0.996421882832423
0.24,10.7551020408163,0.996555113205338
0.24,10.7959183673469,0.996680377966808
0.24,10.8367346938776,0.996798313766117
0.24,10.8775510204082,0.996909489367668
0.24,10.9183673469388,0.99701440943105
0.24,10.9591836734694,0.997113512879048
0.24,11,0.997207157090818
