"lumped_element_capacitance [pF]","Freq [GHz]","ang_deg(S(2,1)) [deg]"
0.065,9,-3.65955061053982
0.065,9.04081632653061,-3.73217095566298
0.065,9.08163265306122,-3.80832915893673
0.065,9.12244897959184,-3.88825911745367
0.065,9.16326530612245,-3.97222314109669
0.065,9.20408163265306,-4.06050901349686
0.065,9.24489795918367,-4.15314691989095
0.065,9.28571428571428,-4.25038216883948
0.065,9.3265306122449,-4.35328130982644
0.065,9.36734693877551,-4.46187533863014
0.065,9.40816326530612,-4.57654080633556
0.065,9.44897959183674,-4.6977520275643
0.065,9.48979591836735,-4.82603304119062
0.065,9.53061224489796,-4.96195931314956
0.065,9.57142857142857,-5.10616330848931
0.065,9.61224489795918,-5.25934038555624
0.065,9.65306122448979,-5.4222546212124
0.065,9.69387755102041,-5.5957442723921
0.065,9.73469387755102,-5.78072634127297
0.065,9.77551020408163,-5.97819932004693
0.065,9.81632653061225,-6.18924257507265
0.065,9.85714285714286,-6.4150098250146
0.065,9.89795918367347,-6.65671247679419
0.065,9.93877551020408,-6.91558565389323
0.065,9.97959183673469,-7.19282448854721
0.065,10.0204081632653,-7.48946851960574
0.065,10.0612244897959,-7.80619440580963
0.065,10.1020408163265,-8.14295475635769
0.065,10.1428571428571,-8.4984885319044
0.065,10.1836734693878,-8.87142369233281
0.065,10.2244897959184,-9.28307252145909
0.065,10.265306122449,-9.8050114173689
0.065,10.3061224489796,-10.2723077621957
0.065,10.3469387755102,-10.6786511417246
0.065,10.3877551020408,-11.0416091099918
0.065,10.4285714285714,-11.3192862215154
0.065,10.469387755102,-11.4399420190944
0.065,10.5102040816327,-11.2990013722878
0.065,10.5510204081633,-10.7558220567412
0.065,10.5918367346939,-9.64562037923067
0.065,10.6326530612245,-7.82486604792628
0.065,10.6734693877551,-5.26100363484158
0.065,10.7142857142857,-2.13235538933021
0.065,10.7551020408163,1.16177342047862
0.065,10.7959183673469,4.15118928887399
0.065,10.8367346938776,6.50486017625113
0.065,10.8775510204082,8.12362755924546
0.065,10.9183673469388,9.08526289498381
0.065,10.9591836734694,9.54185858671552
0.065,11,9.64711518430756
0.0722916666666667,9,-3.83784268651291
0.0722916666666667,9.04081632653061,-3.92059576445057
0.0722916666666667,9.08163265306122,-4.00766706482863
0.0722916666666667,9.12244897959184,-4.09937343175135
0.0722916666666667,9.16326530612245,-4.1960782534915
0.0722916666666667,9.20408163265306,-4.29819778757809
0.0722916666666667,9.24489795918367,-4.40569364827379
0.0722916666666667,9.28571428571428,-4.51865113006834
0.0722916666666667,9.3265306122449,-4.63898768962635
0.0722916666666667,9.36734693877551,-4.76663606074228
0.0722916666666667,9.40816326530612,-4.90207704003221
0.0722916666666667,9.44897959183674,-5.0459713652249
0.0722916666666667,9.48979591836735,-5.19906025184738
0.0722916666666667,9.53061224489796,-5.36216391602503
0.0722916666666667,9.57142857142857,-5.53618924417411
0.0722916666666667,9.61224489795918,-5.72213822801759
0.0722916666666667,9.65306122448979,-5.92111578911321
0.0722916666666667,9.69387755102041,-6.13433594837239
0.0722916666666667,9.73469387755102,-6.36312469882029
0.0722916666666667,9.77551020408163,-6.60891686185755
0.0722916666666667,9.81632653061225,-6.87324246789648
0.0722916666666667,9.85714285714286,-7.15769538167481
0.0722916666666667,9.89795918367347,-7.46387226618508
0.0722916666666667,9.93877551020408,-7.79326230958104
0.0722916666666667,9.97959183673469,-8.14705530815823
0.0722916666666667,10.0204081632653,-8.52581437303428
0.0722916666666667,10.0612244897959,-8.92892679603397
0.0722916666666667,10.1020408163265,-9.35372080993833
0.0722916666666667,10.1428571428571,-9.79435405391445
0.0722916666666667,10.1836734693878,-10.2434988987366
0.0722916666666667,10.2244897959184,-10.7256190377456
0.0722916666666667,10.265306122449,-11.302885400781
0.0722916666666667,10.3061224489796,-11.6844008297813
0.0722916666666667,10.3469387755102,-11.8439750048733
0.0722916666666667,10.3877551020408,-11.7285156717872
0.0722916666666667,10.4285714285714,-11.1763337634562
0.0722916666666667,10.469387755102,-9.98621218554498
0.0722916666666667,10.5102040816327,-7.98021671482853
0.0722916666666667,10.5510204081633,-5.12363353003091
0.0722916666666667,10.5918367346939,-1.65727806262474
0.0722916666666667,10.6326530612245,1.90737736665236
0.0722916666666667,10.6734693877551,5.01507824464595
0.0722916666666667,10.7142857142857,7.33304798042009
0.0722916666666667,10.7551020408163,8.81972232599279
0.0722916666666667,10.7959183673469,9.6157954764336
0.0722916666666667,10.8367346938776,9.91382766644996
0.0722916666666667,10.8775510204082,9.88506978139953
0.0722916666666667,10.9183673469388,9.65736929657122
0.0722916666666667,10.9591836734694,9.31782538874175
0.0722916666666667,11,8.92269718715173
0.0795833333333333,9,-4.03279080496966
0.0795833333333333,9.04081632653061,-4.12744323198942
0.0795833333333333,9.08163265306122,-4.22740065237639
0.0795833333333333,9.12244897959184,-4.33309175762365
0.0795833333333333,9.16326530612245,-4.44501532531415
0.0795833333333333,9.20408163265306,-4.56375267545546
0.0795833333333333,9.24489795918367,-4.68916235840553
0.0795833333333333,9.28571428571428,-4.82124204783508
0.0795833333333333,9.3265306122449,-4.96296789577457
0.0795833333333333,9.36734693877551,-5.11413843992519
0.0795833333333333,9.40816326530612,-5.27540411130349
0.0795833333333333,9.44897959183674,-5.44769913817159
0.0795833333333333,9.48979591836735,-5.63208078863503
0.0795833333333333,9.53061224489796,-5.82972545535426
0.0795833333333333,9.57142857142857,-6.04193896813221
0.0795833333333333,9.61224489795918,-6.27016683341279
0.0795833333333333,9.65306122448979,-6.51600109458955
0.0795833333333333,9.69387755102041,-6.78118040269403
0.0795833333333333,9.73469387755102,-7.06757779748227
0.0795833333333333,9.77551020408163,-7.37716706336453
0.0795833333333333,9.81632653061225,-7.71195254069262
0.0795833333333333,9.85714285714286,-8.0738374139105
0.0795833333333333,9.89795918367347,-8.4643892100672
0.0795833333333333,9.93877551020408,-8.88443437476605
0.0795833333333333,9.97959183673469,-9.33336998263428
0.0795833333333333,10.0204081632653,-9.8080118668112
0.0795833333333333,10.0612244897959,-10.3007038879057
0.0795833333333333,10.1020408163265,-10.7963596118686
0.0795833333333333,10.1428571428571,-11.2686539653133
0.0795833333333333,10.1836734693878,-11.6811581946458
0.0795833333333333,10.2244897959184,-12.0346766196468
0.0795833333333333,10.265306122449,-12.2823200815113
0.0795833333333333,10.3061224489796,-11.8416236186567
0.0795833333333333,10.3469387755102,-10.6529582420635
0.0795833333333333,10.3877551020408,-8.57335573856125
0.0795833333333333,10.4285714285714,-5.52098393740273
0.0795833333333333,10.469387755102,-1.74956234841545
0.0795833333333333,10.5102040816327,2.13236391267075
0.0795833333333333,10.5510204081633,5.45841493005709
0.0795833333333333,10.5918367346939,7.85598693291842
0.0795833333333333,10.6326530612245,9.31520967867277
0.0795833333333333,10.6734693877551,10.0291241562808
0.0795833333333333,10.7142857142857,10.2299007768993
0.0795833333333333,10.7551020408163,10.1098945974084
0.0795833333333333,10.7959183673469,9.80507217726717
0.0795833333333333,10.8367346938776,9.40378694074712
0.0795833333333333,10.8775510204082,8.9605750457681
0.0795833333333333,10.9183673469388,8.50782404933522
0.0795833333333333,10.9591836734694,8.06403686393301
0.0795833333333333,11,7.63926745894226
0.086875,9,-4.24677662656505
0.086875,9.04081632653061,-4.35547327708621
0.086875,9.08163265306122,-4.47073043941878
0.086875,9.12244897959184,-4.5931287652678
0.086875,9.16326530612245,-4.72335011190689
0.086875,9.20408163265306,-4.86219115001625
0.086875,9.24489795918367,-5.00936299449141
0.086875,9.28571428571428,-5.16489465633828
0.086875,9.3265306122449,-5.33309104774388
0.086875,9.36734693877551,-5.51357427067167
0.086875,9.40816326530612,-5.70726269999063
0.086875,9.44897959183674,-5.91549088871191
0.086875,9.48979591836735,-6.13977463156339
0.086875,9.53061224489796,-6.38180414587917
0.086875,9.57142857142857,-6.64345443126852
0.086875,9.61224489795918,-6.92679000838974
0.086875,9.65306122448979,-7.23405533837313
0.086875,9.69387755102041,-7.56763910612732
0.086875,9.73469387755102,-7.92999254699915
0.086875,9.77551020408163,-8.32346820474696
0.086875,9.81632653061225,-8.75002217969443
0.086875,9.85714285714286,-9.21068349547566
0.086875,9.89795918367347,-9.70462796643083
0.086875,9.93877551020408,-10.2275846038524
0.086875,9.97959183673469,-10.7691295943204
0.086875,10.0204081632653,-11.3081760948369
0.086875,10.0612244897959,-11.8057161149383
0.086875,10.1020408163265,-12.194038762662
0.086875,10.1428571428571,-12.3642000602363
0.086875,10.1836734693878,-12.1673768489872
0.086875,10.2244897959184,-11.4823648727471
0.086875,10.265306122449,-9.88801067747455
0.086875,10.3061224489796,-6.67911927396409
0.086875,10.3469387755102,-2.57355793931239
0.086875,10.3877551020408,1.72118860831439
0.086875,10.4285714285714,5.42725818329762
0.086875,10.469387755102,8.07403385448583
0.086875,10.5102040816327,9.64272271081405
0.086875,10.5510204081633,10.3699419736205
0.086875,10.5918367346939,10.5345182010959
0.086875,10.6326530612245,10.3600419958177
0.086875,10.6734693877551,9.99902727418821
0.086875,10.7142857142857,9.54704579909914
0.086875,10.7551020408163,9.06092188772938
0.086875,10.7959183673469,8.57304137824096
0.086875,10.8367346938776,8.10098217969456
0.086875,10.8775510204082,7.6535683349948
0.086875,10.9183673469388,7.23455402095864
0.086875,10.9591836734694,6.84483358166073
0.086875,11,6.48377071536028
0.0941666666666667,9,-4.48264213155001
0.0941666666666667,9.04081632653061,-4.60800490476512
0.0941666666666667,9.08163265306122,-4.74153610702035
0.0941666666666667,9.12244897959184,-4.88402438810045
0.0941666666666667,9.16326530612245,-5.03640142064941
0.0941666666666667,9.20408163265306,-5.1997487930391
0.0941666666666667,9.24489795918367,-5.37357207305298
0.0941666666666667,9.28571428571428,-5.55812282685171
0.0941666666666667,9.3265306122449,-5.75938822679564
0.0941666666666667,9.36734693877551,-5.97676298110669
0.0941666666666667,9.40816326530612,-6.21157819313593
0.0941666666666667,9.44897959183674,-6.46574863086447
0.0941666666666667,9.48979591836735,-6.74144416046083
0.0941666666666667,9.53061224489796,-7.04107289825336
0.0941666666666667,9.57142857142857,-7.36727535739847
0.0941666666666667,9.61224489795918,-7.72289024877651
0.0941666666666667,9.65306122448979,-8.1108646503045
0.0941666666666667,9.69387755102041,-8.53406475375762
0.0941666666666667,9.73469387755102,-8.99491110394973
0.0941666666666667,9.77551020408163,-9.49470573967161
0.0941666666666667,9.81632653061225,-10.0324207644735
0.0941666666666667,9.85714285714286,-10.6025508041921
0.0941666666666667,9.89795918367347,-11.1913567377405
0.0941666666666667,9.93877551020408,-11.7704117625817
0.0941666666666667,9.97959183673469,-12.2858583886781
0.0941666666666667,10.0204081632653,-12.6416363408364
0.0941666666666667,10.0612244897959,-12.6768423413541
0.0941666666666667,10.1020408163265,-12.1462184883258
0.0941666666666667,10.1428571428571,-10.7380856097019
0.0941666666666667,10.1836734693878,-8.20526183453973
0.0941666666666667,10.2244897959184,-4.59279049074669
0.0941666666666667,10.265306122449,0.151366403925607
0.0941666666666667,10.3061224489796,4.74950088407057
0.0941666666666667,10.3469387755102,7.92871081470123
0.0941666666666667,10.3877551020408,9.79238820335149
0.0941666666666667,10.4285714285714,10.6522996945242
0.0941666666666667,10.469387755102,10.8509898035266
0.0941666666666667,10.5102040816327,10.6600520932219
0.0941666666666667,10.5510204081633,10.2613409344654
0.0941666666666667,10.5918367346939,9.76597826494644
0.0941666666666667,10.6326530612245,9.23810242729982
0.0941666666666667,10.6734693877551,8.71302763295428
0.0941666666666667,10.7142857142857,8.20910564477762
0.0941666666666667,10.7551020408163,7.7349606537537
0.0941666666666667,10.7959183673469,7.29376063684587
0.0941666666666667,10.8367346938776,6.88569817495908
0.0941666666666667,10.8775510204082,6.50941775760046
0.0941666666666667,10.9183673469388,6.16283110186158
0.0941666666666667,10.9591836734694,5.84358107139418
0.0941666666666667,11,5.54931181809611
0.101458333333333,9,-4.74380096111741
0.101458333333333,9.04081632653061,-4.88905776174548
0.101458333333333,9.08163265306122,-5.0445562668368
0.101458333333333,9.12244897959184,-5.21137182178125
0.101458333333333,9.16326530612245,-5.39077973779638
0.101458333333333,9.20408163265306,-5.58424293020979
0.101458333333333,9.24489795918367,-5.79098277456257
0.101458333333333,9.28571428571428,-6.01177701221747
0.101458333333333,9.3265306122449,-6.25475847332282
0.101458333333333,9.36734693877551,-6.51902655877321
0.101458333333333,9.40816326530612,-6.80652848507587
0.101458333333333,9.44897959183674,-7.1199960316546
0.101458333333333,9.48979591836735,-7.46248551090956
0.101458333333333,9.53061224489796,-7.83731639963628
0.101458333333333,9.57142857142857,-8.24797994464606
0.101458333333333,9.61224489795918,-8.69793257819786
0.101458333333333,9.65306122448979,-9.19017578636173
0.101458333333333,9.69387755102041,-9.72645041865121
0.101458333333333,9.73469387755102,-10.3057376434436
0.101458333333333,9.77551020408163,-10.9215193244286
0.101458333333333,9.81632653061225,-11.5568433710914
0.101458333333333,9.85714285714286,-12.1756029851285
0.101458333333333,9.89795918367347,-12.7076500402541
0.101458333333333,9.93877551020408,-13.0251596544202
0.101458333333333,9.97959183673469,-12.9110182111841
0.101458333333333,10.0204081632653,-12.0354280682613
0.101458333333333,10.0612244897959,-9.99847008205681
0.101458333333333,10.1020408163265,-6.54737746357441
0.101458333333333,10.1428571428571,-1.97309972169949
0.101458333333333,10.1836734693878,2.75797315834341
0.101458333333333,10.2244897959184,6.69455959770537
0.101458333333333,10.265306122449,9.58149380970981
0.101458333333333,10.3061224489796,10.880594321643
0.101458333333333,10.3469387755102,11.197223824281
0.101458333333333,10.3877551020408,11.0293756456644
0.101458333333333,10.4285714285714,10.6110062501319
0.101458333333333,10.469387755102,10.077785746517
0.101458333333333,10.5102040816327,9.50689122115609
0.101458333333333,10.5510204081633,8.9400109951279
0.101458333333333,10.5918367346939,8.39821176203341
0.101458333333333,10.6326530612245,7.89096195735347
0.101458333333333,10.6734693877551,7.42138512222422
0.101458333333333,10.7142857142857,6.9892506656537
0.101458333333333,10.7551020408163,6.59265332452403
0.101458333333333,10.7959183673469,6.22894455050436
0.101458333333333,10.8367346938776,5.89524017026379
0.101458333333333,10.8775510204082,5.58868925320865
0.101458333333333,10.9183673469388,5.30660977545302
0.101458333333333,10.9591836734694,5.04655260611962
0.101458333333333,11,4.80633345896341
0.10875,9,-5.03438126345069
0.10875,9.04081632653061,-5.20353538136573
0.10875,9.08163265306122,-5.38562313868571
0.10875,9.12244897959184,-5.58211741539329
0.10875,9.16326530612245,-5.79476916761386
0.10875,9.20408163265306,-6.02555533561113
0.10875,9.24489795918367,-6.27330052190192
0.10875,9.28571428571428,-6.53978687446004
0.10875,9.3265306122449,-6.83589339061992
0.10875,9.36734693877551,-7.16031128825207
0.10875,9.40816326530612,-7.51585638021611
0.10875,9.44897959183674,-7.90632274223941
0.10875,9.48979591836735,-8.33579360578623
0.10875,9.53061224489796,-8.80839615674408
0.10875,9.57142857142857,-9.3278528699444
0.10875,9.61224489795918,-9.8965826205422
0.10875,9.65306122448979,-10.513965663447
0.10875,9.69387755102041,-11.1730700095203
0.10875,9.73469387755102,-11.8545751874067
0.10875,9.77551020408163,-12.5157190027055
0.10875,9.81632653061225,-13.0709221409426
0.10875,9.85714285714286,-13.3604423108135
0.10875,9.89795918367347,-13.1088491628855
0.10875,9.93877551020408,-11.9006490081634
0.10875,9.97959183673469,-9.26743297416381
0.10875,10.0204081632653,-5.03880919546533
0.10875,10.0612244897959,0.155767392412381
0.10875,10.1020408163265,4.99955899336516
0.10875,10.1428571428571,8.47035151880019
0.10875,10.1836734693878,10.4247560034207
0.10875,10.2244897959184,11.3016353114159
0.10875,10.265306122449,11.502314087189
0.10875,10.3061224489796,11.095944038947
0.10875,10.3469387755102,10.5115180039537
0.10875,10.3877551020408,9.88797501525606
0.10875,10.4285714285714,9.27026680693212
0.10875,10.469387755102,8.68151765708154
0.10875,10.5102040816327,8.13235850473075
0.10875,10.5510204081633,7.62618535303483
0.10875,10.5918367346939,7.1625077454547
0.10875,10.6326530612245,6.7389166108429
0.10875,10.6734693877551,6.35218564014833
0.10875,10.7142857142857,5.99886525790017
0.10875,10.7551020408163,5.67558881337465
0.10875,10.7959183673469,5.37921870280466
0.10875,10.8367346938776,5.10690519663026
0.10875,10.8775510204082,4.856099155531
0.10875,10.9183673469388,4.62454209526787
0.10875,10.9591836734694,4.41024775404183
0.10875,11,4.21148644184068
0.116041666666667,9,-5.35940953176171
0.116041666666667,9.04081632653061,-5.55746290574263
0.116041666666667,9.08163265306122,-5.77196907292168
0.116041666666667,9.12244897959184,-6.00495430637195
0.116041666666667,9.16326530612245,-6.25882969795801
0.116041666666667,9.20408163265306,-6.53626450903868
0.116041666666667,9.24489795918367,-6.83551069909799
0.116041666666667,9.28571428571428,-7.16010126134273
0.116041666666667,9.3265306122449,-7.52440639794408
0.116041666666667,9.36734693877551,-7.92645874399936
0.116041666666667,9.40816326530612,-8.37013727452225
0.116041666666667,9.44897959183674,-8.86029492113795
0.116041666666667,9.48979591836735,-9.40153223679857
0.116041666666667,9.53061224489796,-9.99722959131373
0.116041666666667,9.57142857142857,-10.6476857851752
0.116041666666667,9.61224489795918,-11.3464810293095
0.116041666666667,9.65306122448979,-12.0735076039558
0.116041666666667,9.69387755102041,-12.7818964607794
0.116041666666667,9.73469387755102,-13.3743964492079
0.116041666666667,9.77551020408163,-13.6640879032357
0.116041666666667,9.81632653061225,-13.3216086179602
0.116041666666667,9.85714285714286,-11.8481103661826
0.116041666666667,9.89795918367347,-8.71161963083272
0.116041666666667,9.93877551020408,-3.84531425713808
0.116041666666667,9.97959183673469,1.77672364476669
0.116041666666667,10.0204081632653,6.5831664044673
0.116041666666667,10.0612244897959,9.68258679104249
0.116041666666667,10.1020408163265,11.1862989317262
0.116041666666667,10.1428571428571,11.6143788788279
0.116041666666667,10.1836734693878,11.4457442953281
0.116041666666667,10.2244897959184,11.017763490379
0.116041666666667,10.265306122449,10.4488007039232
0.116041666666667,10.3061224489796,9.74703273072192
0.116041666666667,10.3469387755102,9.08400252872736
0.116041666666667,10.3877551020408,8.47650429912884
0.116041666666667,10.4285714285714,7.92148500927891
0.116041666666667,10.469387755102,7.41612946927957
0.116041666666667,10.5102040816327,6.95687153189752
0.116041666666667,10.5510204081633,6.53962305058435
0.116041666666667,10.5918367346939,6.16018990596932
0.116041666666667,10.6326530612245,5.8145503146743
0.116041666666667,10.6734693877551,5.49899708091338
0.116041666666667,10.7142857142857,5.21019173210923
0.116041666666667,10.7551020408163,4.9451690389449
0.116041666666667,10.7959183673469,4.70131631684004
0.116041666666667,10.8367346938776,4.47634171732582
0.116041666666667,10.8775510204082,4.26823945135892
0.116041666666667,10.9183673469388,4.07525640395438
0.116041666666667,10.9591836734694,3.89586319060768
0.116041666666667,11,3.7287338006454
0.123333333333333,9,-5.72504722770464
0.123333333333333,9.04081632653061,-5.95829482875233
0.123333333333333,9.08163265306122,-6.21262464483574
0.123333333333333,9.12244897959184,-6.49083326839793
0.123333333333333,9.16326530612245,-6.79624420989838
0.123333333333333,9.20408163265306,-7.13244381051314
0.123333333333333,9.24489795918367,-7.49680218285321
0.123333333333333,9.28571428571428,-7.89574709244859
0.123333333333333,9.3265306122449,-8.34794361006423
0.123333333333333,9.36734693877551,-8.85007530532877
0.123333333333333,9.40816326530612,-9.40674497826089
0.123333333333333,9.44897959183674,-10.0225814619008
0.123333333333333,9.48979591836735,-10.6993891190196
0.123333333333333,9.53061224489796,-11.4323742374648
0.123333333333333,9.57142857142857,-12.202746942392
0.123333333333333,9.61224489795918,-12.9633699625698
0.123333333333333,9.65306122448979,-13.6119132409923
0.123333333333333,9.69387755102041,-13.9444539614352
0.123333333333333,9.73469387755102,-13.5902071357159
0.123333333333333,9.77551020408163,-11.9744688168451
0.123333333333333,9.81632653061225,-8.48947306328762
0.123333333333333,9.85714285714286,-3.13246530336103
0.123333333333333,9.89795918367347,2.83365539488162
0.123333333333333,9.93877551020408,7.62934561331083
0.123333333333333,9.97959183673469,10.4767201117207
0.123333333333333,10.0204081632653,11.6861055045747
0.123333333333333,10.0612244897959,11.8732985979721
0.123333333333333,10.1020408163265,11.5239348486496
0.123333333333333,10.1428571428571,10.9340872632623
0.123333333333333,10.1836734693878,10.2680066893864
0.123333333333333,10.2244897959184,9.61891292183365
0.123333333333333,10.265306122449,8.98110388370446
0.123333333333333,10.3061224489796,8.34025851055226
0.123333333333333,10.3469387755102,7.76978504412711
0.123333333333333,10.3877551020408,7.2605285218019
0.123333333333333,10.4285714285714,6.80215101687034
0.123333333333333,10.469387755102,6.38801126703206
0.123333333333333,10.5102040816327,6.01279529791062
0.123333333333333,10.5510204081633,5.67190902294975
0.123333333333333,10.5918367346939,5.36132506758979
0.123333333333333,10.6326530612245,5.07751768447522
0.123333333333333,10.6734693877551,4.81741054333909
0.123333333333333,10.7142857142857,4.57832562678825
0.123333333333333,10.7551020408163,4.35793379394303
0.123333333333333,10.7959183673469,4.15420888228682
0.123333333333333,10.8367346938776,3.96538653399259
0.123333333333333,10.8775510204082,3.78992824178365
0.123333333333333,10.9183673469388,3.62649080356876
0.123333333333333,10.9591836734694,3.47390166510297
0.123333333333333,11,3.33114230529988
0.130625,9,-6.13889374283905
0.130625,9.04081632653061,-6.41530938344255
0.130625,9.08163265306122,-6.71892653945478
0.130625,9.12244897959184,-7.05360566342923
0.130625,9.16326530612245,-7.42390882587498
0.130625,9.20408163265306,-7.83457533821651
0.130625,9.24489795918367,-8.28147194900574
0.130625,9.28571428571428,-8.77559607026701
0.130625,9.3265306122449,-9.34034229885992
0.130625,9.36734693877551,-9.96891735156757
0.130625,9.40816326530612,-10.6639591850904
0.130625,9.44897959183674,-11.423443166303
0.130625,9.48979591836735,-12.2321663249317
0.130625,9.53061224489796,-13.0471802044082
0.130625,9.57142857142857,-13.7695404661404
0.130625,9.61224489795918,-14.1930772276461
0.130625,9.65306122448979,-13.9267801580026
0.130625,9.69387755102041,-12.3365083759879
0.130625,9.73469387755102,-8.71396390069572
0.130625,9.77551020408163,-3.02082854317751
0.130625,9.81632653061225,3.29143390700982
0.130625,9.85714285714286,8.21275915298782
0.130625,9.89795918367347,10.9797311243621
0.130625,9.93877551020408,12.0354054558937
0.130625,9.97959183673469,12.0785739407534
0.130625,10.0204081632653,11.6188672086462
0.130625,10.0612244897959,10.9494684595783
0.130625,10.1020408163265,10.2217310659227
0.130625,10.1428571428571,9.50889123198343
0.130625,10.1836734693878,8.84563790342599
0.130625,10.2244897959184,8.25004438581175
0.130625,10.265306122449,7.69402846259773
0.130625,10.3061224489796,7.16451961873228
0.130625,10.3469387755102,6.69776317032354
0.130625,10.3877551020408,6.28167484123839
0.130625,10.4285714285714,5.90695744604026
0.130625,10.469387755102,5.56768201379038
0.130625,10.5102040816327,5.25928036670114
0.130625,10.5510204081633,4.97795946252117
0.130625,10.5918367346939,4.72049225858494
0.130625,10.6326530612245,4.48410905216897
0.130625,10.6734693877551,4.26642262155896
0.130625,10.7142857142857,4.06536926073903
0.130625,10.7551020408163,3.87916003634414
0.130625,10.7959183673469,3.70623992339095
0.130625,10.8367346938776,3.54525348395668
0.130625,10.8775510204082,3.39501615900163
0.130625,10.9183673469388,3.25449056694014
0.130625,10.9591836734694,3.12276776090184
0.130625,11,2.99905492380865
0.137916666666667,9,-6.6103683415665
0.137916666666667,9.04081632653061,-6.94010099649628
0.137916666666667,9.08163265306122,-7.30513763090858
0.137916666666667,9.12244897959184,-7.7107728148764
0.137916666666667,9.16326530612245,-8.16316832348032
0.137916666666667,9.20408163265306,-8.66830468336435
0.137916666666667,9.24489795918367,-9.21912728550365
0.137916666666667,9.28571428571428,-9.83335771249186
0.137916666666667,9.3265306122449,-10.5375794383823
0.137916666666667,9.36734693877551,-11.314600759039
0.137916666666667,9.40816326530612,-12.1533977254822
0.137916666666667,9.44897959183674,-13.0194896028931
0.137916666666667,9.48979591836735,-13.8259970519522
0.137916666666667,9.53061224489796,-14.3813525916065
0.137916666666667,9.57142857142857,-14.3026628089857
0.137916666666667,9.61224489795918,-12.9273483148349
0.137916666666667,9.65306122448979,-9.42971113966295
0.137916666666667,9.69387755102041,-3.59422485523006
0.137916666666667,9.73469387755102,3.10193587244751
0.137916666666667,9.77551020408163,8.35627445911466
0.137916666666667,9.81632653061225,11.2523819065023
0.137916666666667,9.85714285714286,12.2965310403382
0.137916666666667,9.89795918367347,12.2768299410055
0.137916666666667,9.93877551020408,11.7493761939291
0.137916666666667,9.97959183673469,11.0229110014632
0.137916666666667,10.0204081632653,10.2508647260459
0.137916666666667,10.0612244897959,9.50366768967553
0.137916666666667,10.1020408163265,8.81038025757295
0.137916666666667,10.1428571428571,8.18054801058176
0.137916666666667,10.1836734693878,7.61589630778218
0.137916666666667,10.2244897959184,7.11597261349455
0.137916666666667,10.265306122449,6.65458354907733
0.137916666666667,10.3061224489796,6.22304941777459
0.137916666666667,10.3469387755102,5.84157454089904
0.137916666666667,10.3877551020408,5.49978771274184
0.137916666666667,10.4285714285714,5.19050889737472
0.137916666666667,10.469387755102,4.90911563853642
0.137916666666667,10.5102040816327,4.65205028457221
0.137916666666667,10.5510204081633,4.41637579036607
0.137916666666667,10.5918367346939,4.19960503047161
0.137916666666667,10.6326530612245,3.99960843884669
0.137916666666667,10.6734693877551,3.81455108351761
0.137916666666667,10.7142857142857,3.64284463056156
0.137916666666667,10.7551020408163,3.48310881754439
0.137916666666667,10.7959183673469,3.33413989633475
0.137916666666667,10.8367346938776,3.19488455817859
0.137916666666667,10.8775510204082,3.06441835998526
0.137916666666667,10.9183673469388,2.94192804134307
0.137916666666667,10.9591836734694,2.82669763169959
0.137916666666667,11,2.71809950834407
0.145208333333333,9,-7.1511744987828
0.145208333333333,9.04081632653061,-7.54715834837113
0.145208333333333,9.08163265306122,-7.98912413100328
0.145208333333333,9.12244897959184,-8.48418243312145
0.145208333333333,9.16326530612245,-9.04029261412026
0.145208333333333,9.20408163265306,-9.66406330797136
0.145208333333333,9.24489795918367,-10.34192675842
0.145208333333333,9.28571428571428,-11.099922634121
0.145208333333333,9.3265306122449,-11.9586641924079
0.145208333333333,9.36734693877551,-12.8673295319006
0.145208333333333,9.40816326530612,-13.7567030463882
0.145208333333333,9.44897959183674,-14.4654049650084
0.145208333333333,9.48979591836735,-14.6493956638048
0.145208333333333,9.53061224489796,-13.6649174498551
0.145208333333333,9.57142857142857,-10.5891479878471
0.145208333333333,9.61224489795918,-4.89399014352522
0.145208333333333,9.65306122448979,2.17766635484851
0.145208333333333,9.69387755102041,8.01111868842891
0.145208333333333,9.73469387755102,11.2938935536054
0.145208333333333,9.77551020408163,12.4898338108969
0.145208333333333,9.81632653061225,12.4908952865702
0.145208333333333,9.85714285714286,11.9332817209548
0.145208333333333,9.89795918367347,11.1641522365556
0.145208333333333,9.93877551020408,10.3515674613483
0.145208333333333,9.97959183673469,9.57013813248198
0.145208333333333,10.0204081632653,8.8490284317117
0.145208333333333,10.0612244897959,8.19623216807027
0.145208333333333,10.1020408163265,7.61042324099429
0.145208333333333,10.1428571428571,7.08677061138743
0.145208333333333,10.1836734693878,6.62016679562948
0.145208333333333,10.2244897959184,6.20635292658241
0.145208333333333,10.265306122449,5.82467459033885
0.145208333333333,10.3061224489796,5.46986309980989
0.145208333333333,10.3469387755102,5.15422004967105
0.145208333333333,10.3877551020408,4.86955576014997
0.145208333333333,10.4285714285714,4.610485208623
0.145208333333333,10.469387755102,4.37350023176936
0.145208333333333,10.5102040816327,4.15588027632516
0.145208333333333,10.5510204081633,3.95537086081705
0.145208333333333,10.5918367346939,3.77005710233395
0.145208333333333,10.6326530612245,3.59829401901494
0.145208333333333,10.6734693877551,3.4386588938489
0.145208333333333,10.7142857142857,3.28991507302254
0.145208333333333,10.7551020408163,3.15098309460018
0.145208333333333,10.7959183673469,3.02091714092071
0.145208333333333,10.8367346938776,2.89888562789941
0.145208333333333,10.8775510204082,2.78415515575788
0.145208333333333,10.9183673469388,2.67607734809886
0.145208333333333,10.9591836734694,2.57407851467423
0.145208333333333,11,2.47765308726493
0.1525,9,-7.77581785519687
0.1525,9.04081632653061,-8.25444007967437
0.1525,9.08163265306122,-8.79286049273463
0.1525,9.12244897959184,-9.40011320853597
0.1525,9.16326530612245,-10.0852721254233
0.1525,9.20408163265306,-10.8524573120577
0.1525,9.24489795918367,-11.6717298296385
0.1525,9.28571428571428,-12.5733675975131
0.1525,9.3265306122449,-13.5358488213948
0.1525,9.36734693877551,-14.3964882297944
0.1525,9.40816326530612,-14.8748896617429
0.1525,9.44897959183674,-14.4016521686471
0.1525,9.48979591836735,-12.0311493677658
0.1525,9.53061224489796,-6.87493169389224
0.1525,9.57142857142857,0.400326739579208
0.1525,9.61224489795918,7.03830958383167
0.1525,9.65306122448979,11.0313649952982
0.1525,9.69387755102041,12.5940903123483
0.1525,9.73469387755102,12.7224564213567
0.1525,9.77551020408163,12.1789991804357
0.1525,9.81632653061225,11.3816472701689
0.1525,9.85714285714286,10.5298463775199
0.1525,9.89795918367347,9.71031487295889
0.1525,9.93877551020408,8.9560598914058
0.1525,9.97959183673469,8.27563225037714
0.1525,10.0204081632653,7.66702172169952
0.1525,10.0612244897959,7.12413605866622
0.1525,10.1020408163265,6.63979207437569
0.1525,10.1428571428571,6.20714117272609
0.1525,10.1836734693878,5.8205854201183
0.1525,10.2244897959184,5.47570022121501
0.1525,10.265306122449,5.15672659701755
0.1525,10.3061224489796,4.86062932828865
0.1525,10.3469387755102,4.59537906490468
0.1525,10.3877551020408,4.35459787549166
0.1525,10.4285714285714,4.13423081956661
0.1525,10.469387755102,3.9316058112302
0.1525,10.5102040816327,3.74463016186338
0.1525,10.5510204081633,3.57155786775738
0.1525,10.5918367346939,3.41089762696367
0.1525,10.6326530612245,3.26136165083751
0.1525,10.6734693877551,3.12183045706013
0.1525,10.7142857142857,2.99132602606521
0.1525,10.7551020408163,2.86899034493485
0.1525,10.7959183673469,2.7540678669528
0.1525,10.8367346938776,2.64589101150047
0.1525,10.8775510204082,2.54386813318286
0.1525,10.9183673469388,2.4474736157357
0.1525,10.9591836734694,2.35624006126261
0.1525,11,2.26975335311973
0.159791666666667,9,-8.50205609503588
0.159791666666667,9.04081632653061,-9.08364517207283
0.159791666666667,9.08163265306122,-9.74203436177297
0.159791666666667,9.12244897959184,-10.4870262689562
0.159791666666667,9.16326530612245,-11.3248732940444
0.159791666666667,9.20408163265306,-12.2458186820847
0.159791666666667,9.24489795918367,-13.1749389944249
0.159791666666667,9.28571428571428,-14.1169989961079
0.159791666666667,9.3265306122449,-14.882674556555
0.159791666666667,9.36734693877551,-14.95876730115
0.159791666666667,9.40816326530612,-13.4876459033139
0.159791666666667,9.44897959183674,-9.33028156780499
0.159791666666667,9.48979591836735,-2.30549518563469
0.159791666666667,9.53061224489796,5.20248107580126
0.159791666666667,9.57142857142857,10.2927646484606
0.159791666666667,9.61224489795918,12.531522512986
0.159791666666667,9.65306122448979,12.9471669866503
0.159791666666667,9.69387755102041,12.4844943877718
0.159791666666667,9.73469387755102,11.6807136909598
0.159791666666667,9.77551020408163,10.7922920872499
0.159791666666667,9.81632653061225,9.92982199884098
0.159791666666667,9.85714285714286,9.13526772515886
0.159791666666667,9.89795918367347,8.41990286593779
0.159791666666667,9.93877551020408,7.78198323475099
0.159791666666667,9.97959183673469,7.21479408339322
0.159791666666667,10.0204081632653,6.71024006336826
0.159791666666667,10.0612244897959,6.26039054452433
0.159791666666667,10.1020408163265,5.85810696088214
0.159791666666667,10.1428571428571,5.49731170540489
0.159791666666667,10.1836734693878,5.17325471270943
0.159791666666667,10.2244897959184,4.88213097027588
0.159791666666667,10.265306122449,4.61187687108433
0.159791666666667,10.3061224489796,4.36087576612011
0.159791666666667,10.3469387755102,4.13452692853005
0.159791666666667,10.3877551020408,3.92782281286446
0.159791666666667,10.4285714285714,3.73766454810596
0.159791666666667,10.469387755102,3.56198893190707
0.159791666666667,10.5102040816327,3.39916366215402
0.159791666666667,10.5510204081633,3.24781645108722
0.159791666666667,10.5918367346939,3.10676776568125
0.159791666666667,10.6326530612245,2.97499319700906
0.159791666666667,10.6734693877551,2.85159739652533
0.159791666666667,10.7142857142857,2.73579408247362
0.159791666666667,10.7551020408163,2.62688997402491
0.159791666666667,10.7959183673469,2.52427159145383
0.159791666666667,10.8367346938776,2.42739428882258
0.159791666666667,10.8775510204082,2.33577310435139
0.159791666666667,10.9183673469388,2.24897517932695
0.159791666666667,10.9591836734694,2.16661373501159
0.159791666666667,11,2.08834423688372
0.167083333333333,9,-9.35090699926569
0.167083333333333,9.04081632653061,-10.059282277857
0.167083333333333,9.08163265306122,-10.8626158488753
0.167083333333333,9.12244897959184,-11.7658811028941
0.167083333333333,9.16326530612245,-12.7577058218053
0.167083333333333,9.20408163265306,-13.7765401777656
0.167083333333333,9.24489795918367,-14.6180193615391
0.167083333333333,9.28571428571428,-15.1423030666143
0.167083333333333,9.3265306122449,-14.6347472396047
0.167083333333333,9.36734693877551,-11.8483622705467
0.167083333333333,9.40816326530612,-5.80804615888966
0.167083333333333,9.44897959183674,2.22608419197053
0.167083333333333,9.48979591836735,8.76737996993083
0.167083333333333,9.53061224489796,12.1311187645372
0.167083333333333,9.57142857142857,13.0969657085209
0.167083333333333,9.61224489795918,12.8306248783248
0.167083333333333,9.65306122448979,12.06139525868
0.167083333333333,9.69387755102041,11.1451172180488
0.167083333333333,9.73469387755102,10.2359082375958
0.167083333333333,9.77551020408163,9.39309593520328
0.167083333333333,9.81632653061225,8.6341041137609
0.167083333333333,9.85714285714286,7.95876798660936
0.167083333333333,9.89795918367347,7.36020092877557
0.167083333333333,9.93877551020408,6.82954810004926
0.167083333333333,9.97959183673469,6.35798790589615
0.167083333333333,10.0204081632653,5.93750258260293
0.167083333333333,10.0612244897959,5.56111021611446
0.167083333333333,10.1020408163265,5.22288171016937
0.167083333333333,10.1428571428571,4.91791679883267
0.167083333333333,10.1836734693878,4.64242069146871
0.167083333333333,10.2244897959184,4.39326477675194
0.167083333333333,10.265306122449,4.16106989779205
0.167083333333333,10.3061224489796,3.94513162439447
0.167083333333333,10.3469387755102,3.74922981830518
0.167083333333333,10.3877551020408,3.56936825184272
0.167083333333333,10.4285714285714,3.40313535469774
0.167083333333333,10.469387755102,3.24891130251444
0.167083333333333,10.5102040816327,3.10540205240785
0.167083333333333,10.5510204081633,2.9715114083043
0.167083333333333,10.5918367346939,2.84629116085719
0.167083333333333,10.6326530612245,2.72891311916548
0.167083333333333,10.6734693877551,2.61864960270036
0.167083333333333,10.7142857142857,2.51485836769905
0.167083333333333,10.7551020408163,2.41697041441906
0.167083333333333,10.7959183673469,2.32447990738371
0.167083333333333,10.8367346938776,2.23693574892856
0.167083333333333,10.8775510204082,2.15393450281352
0.167083333333333,10.9183673469388,2.07511448388281
0.167083333333333,10.9591836734694,2.00015100827847
0.167083333333333,11,1.92875330121906
0.174375,9,-10.3451692588124
0.174375,9.04081632653061,-11.204015182698
0.174375,9.08163265306122,-12.1682655183874
0.174375,9.12244897959184,-13.2180618265758
0.174375,9.16326530612245,-14.2749294647891
0.174375,9.20408163265306,-15.1068806777106
0.174375,9.24489795918367,-15.1529557854463
0.174375,9.28571428571428,-13.8341681459653
0.174375,9.3265306122449,-9.5786769181486
0.174375,9.36734693877551,-1.99388586977886
0.174375,9.40816326530612,5.99508027011185
0.174375,9.44897959183674,11.0617029896838
0.174375,9.48979591836735,13.0193604299865
0.174375,9.53061224489796,13.1634253779506
0.174375,9.57142857142857,12.5118435334941
0.174375,9.61224489795918,11.5920075369135
0.174375,9.65306122448979,10.6368233537065
0.174375,9.69387755102041,9.73817711543191
0.174375,9.73469387755102,8.92582567636926
0.174375,9.77551020408163,8.20355725961103
0.174375,9.81632653061225,7.56512036771465
0.174375,9.85714285714286,7.00108617189948
0.174375,9.89795918367347,6.50170797095227
0.174375,9.93877551020408,6.05802311857523
0.174375,9.97959183673469,5.66219299227133
0.174375,10.0204081632653,5.30752505650352
0.174375,10.0612244897959,4.98837688267419
0.174375,10.1020408163265,4.70003644368434
0.174375,10.1428571428571,4.43863892940302
0.174375,10.1836734693878,4.20118664255602
0.174375,10.2244897959184,3.98511993834106
0.174375,10.265306122449,3.78299963769856
0.174375,10.3061224489796,3.59472598662112
0.174375,10.3469387755102,3.42301384753569
0.174375,10.3877551020408,3.26461138366158
0.174375,10.4285714285714,3.11760639581228
0.174375,10.469387755102,2.98070535083271
0.174375,10.5102040816327,2.85286551046836
0.174375,10.5510204081633,2.73319714311757
0.174375,10.5918367346939,2.62092595040714
0.174375,10.6326530612245,2.51537197989452
0.174375,10.6734693877551,2.41593481459761
0.174375,10.7142857142857,2.32208203982289
0.174375,10.7551020408163,2.23333984650488
0.174375,10.7959183673469,2.14928521045206
0.174375,10.8367346938776,2.06953931044547
0.174375,10.8775510204082,1.99376195987906
0.174375,10.9183673469388,1.92164691112682
0.174375,10.9591836734694,1.85291802274829
0.174375,11,1.78732666886617
0.181666666666667,9,-11.5036202070188
0.181666666666667,9.04081632653061,-12.5232798133193
0.181666666666667,9.08163265306122,-13.6211883936162
0.181666666666667,9.12244897959184,-14.6881479750549
0.181666666666667,9.16326530612245,-15.4268921732157
0.181666666666667,9.20408163265306,-15.1197225575418
0.181666666666667,9.24489795918367,-12.517559931164
0.181666666666667,9.28571428571428,-6.90189662714544
0.181666666666667,9.3265306122449,1.53901718840729
0.181666666666667,9.36734693877551,8.7468403439421
0.181666666666667,9.40816326530612,12.3935447513375
0.181666666666667,9.44897959183674,13.3526823730847
0.181666666666667,9.48979591836735,12.9915701434239
0.181666666666667,9.53061224489796,12.1280886837705
0.181666666666667,9.57142857142857,11.1399728099717
0.181666666666667,9.61224489795918,10.1809782319843
0.181666666666667,9.65306122448979,9.30521805391939
0.181666666666667,9.69387755102041,8.52512044580839
0.181666666666667,9.73469387755102,7.83675203218269
0.181666666666667,9.77551020408163,7.23059202399448
0.181666666666667,9.81632653061225,6.69599206145028
0.181666666666667,9.85714285714286,6.22291496404292
0.181666666666667,9.89795918367347,5.80251092296363
0.181666666666667,9.93877551020408,5.42721013652351
0.181666666666667,9.97959183673469,5.09062857251628
0.181666666666667,10.0204081632653,4.78741585703252
0.181666666666667,10.0612244897959,4.51310104417228
0.181666666666667,10.1020408163265,4.26396289381727
0.181666666666667,10.1428571428571,4.0369488881726
0.181666666666667,10.1836734693878,3.82967837290703
0.181666666666667,10.2244897959184,3.64003801727945
0.181666666666667,10.265306122449,3.46199864777687
0.181666666666667,10.3061224489796,3.29587747363538
0.181666666666667,10.3469387755102,3.1436663701963
0.181666666666667,10.3877551020408,3.00266429066443
0.181666666666667,10.4285714285714,2.87132701328768
0.181666666666667,10.469387755102,2.74860460204669
0.181666666666667,10.5102040816327,2.63364372308913
0.181666666666667,10.5510204081633,2.52571130917595
0.181666666666667,10.5918367346939,2.42416576073919
0.181666666666667,10.6326530612245,2.32844080524839
0.181666666666667,10.6734693877551,2.23803408463018
0.181666666666667,10.7142857142857,2.15249819598656
0.181666666666667,10.7551020408163,2.07143333655748
0.181666666666667,10.7959183673469,1.99448113896781
0.181666666666667,10.8367346938776,1.92131944618352
0.181666666666667,10.8775510204082,1.85165785519225
0.181666666666667,10.9183673469388,1.78523391687171
0.181666666666667,10.9591836734694,1.72180997204388
0.181666666666667,11,1.66117089854515
0.188958333333333,9,-12.8232734173059
0.188958333333333,9.04081632653061,-13.9599576010523
0.188958333333333,9.08163265306122,-15.0188312682658
0.188958333333333,9.12244897959184,-15.6127968676049
0.188958333333333,9.16326530612245,-14.8532740694803
0.188958333333333,9.20408163265306,-11.1835034346608
0.188958333333333,9.24489795918367,-3.92787373606059
0.188958333333333,9.28571428571428,4.42092390747503
0.188958333333333,9.3265306122449,10.5722508070685
0.188958333333333,9.36734693877551,13.0955328161708
0.188958333333333,9.40816326530612,13.3899226760896
0.188958333333333,9.44897959183674,12.7241475025335
0.188958333333333,9.48979591836735,11.7465052959082
0.188958333333333,9.53061224489796,10.732306293188
0.188958333333333,9.57142857142857,9.78487965739481
0.188958333333333,9.61224489795918,8.93509827090497
0.188958333333333,9.65306122448979,8.18500834891876
0.188958333333333,9.69387755102041,7.52620829532162
0.188958333333333,9.73469387755102,6.94740758781631
0.188958333333333,9.77551020408163,6.43740781357145
0.188958333333333,9.81632653061225,5.98615792922998
0.188958333333333,9.85714285714286,5.58501321226118
0.188958333333333,9.89795918367347,5.22668123542951
0.188958333333333,9.93877551020408,4.90506104335724
0.188958333333333,9.97959183673469,4.61506163475229
0.188958333333333,10.0204081632653,4.35243387403059
0.188958333333333,10.0612244897959,4.11362841390023
0.188958333333333,10.1020408163265,3.89568591913407
0.188958333333333,10.1428571428571,3.69617151158559
0.188958333333333,10.1836734693878,3.51317325428427
0.188958333333333,10.2244897959184,3.34492116184926
0.188958333333333,10.265306122449,3.18642007554915
0.188958333333333,10.3061224489796,3.03828775650141
0.188958333333333,10.3469387755102,2.90201383751722
0.188958333333333,10.3877551020408,2.7753079612031
0.188958333333333,10.4285714285714,2.65690108371115
0.188958333333333,10.469387755102,2.54592793637413
0.188958333333333,10.5102040816327,2.44168011798204
0.188958333333333,10.5510204081633,2.34354523875022
0.188958333333333,10.5918367346939,2.25098447475045
0.188958333333333,10.6326530612245,2.1635200310784
0.188958333333333,10.6734693877551,2.08072621996422
0.188958333333333,10.7142857142857,2.00222239832312
0.188958333333333,10.7551020408163,1.92766712452846
0.188958333333333,10.7959183673469,1.8567532251225
0.188958333333333,10.8367346938776,1.78920358256144
0.188958333333333,10.8775510204082,1.72476751106182
0.188958333333333,10.9183673469388,1.66321762622697
0.188958333333333,10.9591836734694,1.6043471754282
0.188958333333333,11,1.54796801087079
0.19625,9,-14.2295645500536
0.19625,9.04081632653061,-15.2690478037541
0.19625,9.08163265306122,-15.6958963183013
0.19625,9.12244897959184,-14.4298047187525
0.19625,9.16326530612245,-9.77212325164498
0.19625,9.20408163265306,-1.34688138004243
0.19625,9.24489795918367,6.7808630835594
0.19625,9.28571428571428,11.6613909053576
0.19625,9.3265306122449,13.4103962933248
0.19625,9.36734693877551,13.2832337177294
0.19625,9.40816326530612,12.4359622031506
0.19625,9.44897959183674,11.3983669696575
0.19625,9.48979591836735,10.3786799528823
0.19625,9.53061224489796,9.4481090606749
0.19625,9.57142857142857,8.62297893649693
0.19625,9.61224489795918,7.8989601368652
0.19625,9.65306122448979,7.26499794099121
0.19625,9.69387755102041,6.70883092123387
0.19625,9.73469387755102,6.21903824658113
0.19625,9.77551020408163,5.78566543108405
0.19625,9.81632653061225,5.40028550803671
0.19625,9.85714285714286,5.05585499343614
0.19625,9.89795918367347,4.74651353528221
0.19625,9.93877551020408,4.46738633904735
0.19625,9.97959183673469,4.21441029415335
0.19625,10.0204081632653,3.98418908900725
0.19625,10.0612244897959,3.77387724041929
0.19625,10.1020408163265,3.58109346658852
0.19625,10.1428571428571,3.40387070802983
0.19625,10.1836734693878,3.24065347551822
0.19625,10.2244897959184,3.089935619067
0.19625,10.265306122449,2.94748720382792
0.19625,10.3061224489796,2.81415281735714
0.19625,10.3469387755102,2.69106753495609
0.19625,10.3877551020408,2.57624964509303
0.19625,10.4285714285714,2.46863882238349
0.19625,10.469387755102,2.36751191462533
0.19625,10.5102040816327,2.27227308644258
0.19625,10.5510204081633,2.18240427417797
0.19625,10.5918367346939,2.09744740566603
0.19625,10.6326530612245,2.01699452719575
0.19625,10.6734693877551,1.94068073419591
0.19625,10.7142857142857,1.86817852742902
0.19625,10.7551020408163,1.79919310589028
0.19625,10.7959183673469,1.73345836295961
0.19625,10.8367346938776,1.67073344134996
0.19625,10.8775510204082,1.61079974088643
0.19625,10.9183673469388,1.55345829623397
0.19625,10.9591836734694,1.49852747736823
0.19625,11,1.44584111207162
0.203541666666667,9,-15.4447605484329
0.203541666666667,9.04081632653061,-15.7076569589918
0.203541666666667,9.08163265306122,-13.954279545262
0.203541666666667,9.12244897959184,-8.40539999429459
0.203541666666667,9.16326530612245,0.653897287870893
0.203541666666667,9.20408163265306,8.6081236371134
0.203541666666667,9.24489795918367,12.3380354183741
0.203541666666667,9.28571428571428,13.4666705110651
0.203541666666667,9.3265306122449,13.1139152977256
0.203541666666667,9.36734693877551,12.1645237763482
0.203541666666667,9.40816326530612,11.0970100054448
0.203541666666667,9.44897959183674,10.0808312683695
0.203541666666667,9.48979591836735,9.16724224224144
0.203541666666667,9.53061224489796,8.36338031980472
0.203541666666667,9.57142857142857,7.66090211007111
0.203541666666667,9.61224489795918,7.04712059892497
0.203541666666667,9.65306122448979,6.50921999230025
0.203541666666667,9.69387755102041,6.03570134700688
0.203541666666667,9.73469387755102,5.61673059057437
0.203541666666667,9.77551020408163,5.24407195990035
0.203541666666667,9.81632653061225,4.91088630363324
0.203541666666667,9.85714285714286,4.61150597902651
0.203541666666667,9.89795918367347,4.34122786272068
0.203541666666667,9.93877551020408,4.09613690166737
0.203541666666667,9.97959183673469,3.87296112263292
0.203541666666667,10.0204081632653,3.66895514428525
0.203541666666667,10.0612244897959,3.48180894838589
0.203541666666667,10.1020408163265,3.30958098592737
0.203541666666667,10.1428571428571,3.15066096963272
0.203541666666667,10.1836734693878,3.00376698831305
0.203541666666667,10.2244897959184,2.86759692347138
0.203541666666667,10.265306122449,2.7384916671976
0.203541666666667,10.3061224489796,2.61747481011773
0.203541666666667,10.3469387755102,2.50542857003402
0.203541666666667,10.3877551020408,2.40060481942841
0.203541666666667,10.4285714285714,2.30210363717915
0.203541666666667,10.469387755102,2.20931281265842
0.203541666666667,10.5102040816327,2.12172518221004
0.203541666666667,10.5510204081633,2.03889743772378
0.203541666666667,10.5918367346939,1.96043581791155
0.203541666666667,10.6326530612245,1.88598823276352
0.203541666666667,10.6734693877551,1.81523859264913
0.203541666666667,10.7142857142857,1.74790224125141
0.203541666666667,10.7551020408163,1.68372211490476
0.203541666666667,10.7959183673469,1.62246545050844
0.203541666666667,10.8367346938776,1.56392093004988
0.203541666666667,10.8775510204082,1.50789617508712
0.203541666666667,10.9183673469388,1.45421551532165
0.203541666666667,10.9591836734694,1.40271796951217
0.203541666666667,11,1.35325546463569
0.210833333333333,9,-15.6819574725651
0.210833333333333,9.04081632653061,-13.5201632177551
0.210833333333333,9.08163265306122,-7.25921160116216
0.210833333333333,9.12244897959184,2.16871468177057
0.210833333333333,9.16326530612245,9.70596178767026
0.210833333333333,9.20408163265306,12.9562005736131
0.210833333333333,9.24489795918367,13.3816500222758
0.210833333333333,9.28571428571428,12.9019609405795
0.210833333333333,9.3265306122449,11.9251794093332
0.210833333333333,9.36734693877551,10.8467833900058
0.210833333333333,9.40816326530612,9.8371117267905
0.210833333333333,9.44897959183674,8.9380219274006
0.210833333333333,9.48979591836735,8.1511432398571
0.210833333333333,9.53061224489796,7.46557069680441
0.210833333333333,9.57142857142857,6.86755845778134
0.210833333333333,9.61224489795918,6.34393811211203
0.210833333333333,9.65306122448979,5.8831755637303
0.210833333333333,9.69387755102041,5.47553482861506
0.210833333333333,9.73469387755102,5.11292541830122
0.210833333333333,9.77551020408163,4.78866139263883
0.210833333333333,9.81632653061225,4.49721930637105
0.210833333333333,9.85714285714286,4.2340248032203
0.210833333333333,9.89795918367347,3.99527455889261
0.210833333333333,9.93877551020408,3.77779161510639
0.210833333333333,9.97959183673469,3.57890951317315
0.210833333333333,10.0204081632653,3.39638054135915
0.210833333333333,10.0612244897959,3.22830459486352
0.210833333333333,10.1020408163265,3.07307773090887
0.210833333333333,10.1428571428571,2.92936480820622
0.210833333333333,10.1836734693878,2.79609652469194
0.210833333333333,10.2244897959184,2.67213003407545
0.210833333333333,10.265306122449,2.55423467233601
0.210833333333333,10.3061224489796,2.44358118634789
0.210833333333333,10.3469387755102,2.34087063224972
0.210833333333333,10.3877551020408,2.24453264538007
0.210833333333333,10.4285714285714,2.15379206057786
0.210833333333333,10.469387755102,2.06812443067093
0.210833333333333,10.5102040816327,1.98709336992653
0.210833333333333,10.5510204081633,1.9103155846595
0.210833333333333,10.5918367346939,1.83744917902247
0.210833333333333,10.6326530612245,1.7681872980072
0.210833333333333,10.6734693877551,1.7022535272495
0.210833333333333,10.7142857142857,1.63939815496506
0.210833333333333,10.7551020408163,1.57939500143306
0.210833333333333,10.7959183673469,1.52203867962889
0.210833333333333,10.8367346938776,1.46714219908566
0.210833333333333,10.8775510204082,1.41453484028046
0.210833333333333,10.9183673469388,1.36406022778855
0.210833333333333,10.9591836734694,1.3155745262587
0.210833333333333,11,1.26894471956747
0.218125,9,-13.2044143034162
0.218125,9.04081632653061,-6.44773440350148
0.218125,9.08163265306122,3.18950889615523
0.218125,9.12244897959184,10.3744825237157
0.218125,9.16326530612245,13.248119852066
0.218125,9.20408163265306,13.4706653701662
0.218125,9.24489795918367,12.6478250773555
0.218125,9.28571428571428,11.7057723654207
0.218125,9.3265306122449,10.6462171873966
0.218125,9.36734693877551,9.64456355271864
0.218125,9.40816326530612,8.75633478209947
0.218125,9.44897959183674,7.98180529803336
0.218125,9.48979591836735,7.30858932701777
0.218125,9.53061224489796,6.7222107708442
0.218125,9.57142857142857,6.20922562526119
0.218125,9.61224489795918,5.75804859557174
0.218125,9.65306122448979,5.35899338833594
0.218125,9.69387755102041,5.00405884760719
0.218125,9.73469387755102,4.68665873877373
0.218125,9.77551020408163,4.40136633443163
0.218125,9.81632653061225,4.14369544473915
0.218125,9.85714285714286,3.90992052694357
0.218125,9.89795918367347,3.69693185092113
0.218125,9.93877551020408,3.50212001489831
0.218125,9.97959183673469,3.32328436347086
0.218125,10.0204081632653,3.15856086949567
0.218125,10.0612244897959,3.00636652018683
0.218125,10.1020408163265,2.8653596463614
0.218125,10.1428571428571,2.73442002832295
0.218125,10.1836734693878,2.61264584650314
0.218125,10.2244897959184,2.4990198873748
0.218125,10.265306122449,2.39063434074836
0.218125,10.3061224489796,2.28878528961936
0.218125,10.3469387755102,2.19404415275548
0.218125,10.3877551020408,2.10497636121205
0.218125,10.4285714285714,2.02090482789273
0.218125,10.469387755102,1.94137538999621
0.218125,10.5102040816327,1.86600885201033
0.218125,10.5510204081633,1.79447067921334
0.218125,10.5918367346939,1.72646129353042
0.218125,10.6326530612245,1.66171088583913
0.218125,10.6734693877551,1.59997564673224
0.218125,10.7142857142857,1.54103467537816
0.218125,10.7551020408163,1.48468733434751
0.218125,10.7959183673469,1.43075094512986
0.218125,10.8367346938776,1.37905875450509
0.218125,10.8775510204082,1.32945810926935
0.218125,10.9183673469388,1.28180876971107
0.218125,10.9591836734694,1.23598127221774
0.218125,11,1.19185524306086
0.225416666666667,9,-6.03283765520437
0.225416666666667,9.04081632653061,3.73578967941057
0.225416666666667,9.08163265306122,10.7296396247358
0.225416666666667,9.12244897959184,13.3741158775257
0.225416666666667,9.16326530612245,13.4864275008518
0.225416666666667,9.20408163265306,12.5948512940355
0.225416666666667,9.24489795918367,11.4694177357034
0.225416666666667,9.28571428571428,10.4787746075691
0.225416666666667,9.3265306122449,9.49894634550722
0.225416666666667,9.36734693877551,8.6185624091221
0.225416666666667,9.40816326530612,7.85172008957935
0.225416666666667,9.44897959183674,7.18644019446797
0.225416666666667,9.48979591836735,6.60779585917437
0.225416666666667,9.53061224489796,6.10207467060732
0.225416666666667,9.57142857142857,5.65758614402442
0.225416666666667,9.61224489795918,5.26462812354562
0.225416666666667,9.65306122448979,4.91522645210215
0.225416666666667,9.69387755102041,4.60283988649546
0.225416666666667,9.73469387755102,4.32209205026578
0.225416666666667,9.77551020408163,4.06854630571755
0.225416666666667,9.81632653061225,3.8385230478088
0.225416666666667,9.85714285714286,3.62895373134609
0.225416666666667,9.89795918367347,3.43726502002511
0.225416666666667,9.93877551020408,3.2612870583545
0.225416666666667,9.97959183673469,3.09918095362384
0.225416666666667,10.0204081632653,2.94938176901448
0.225416666666667,10.0612244897959,2.81055473561821
0.225416666666667,10.1020408163265,2.68156451288431
0.225416666666667,10.1428571428571,2.56146096718014
0.225416666666667,10.1836734693878,2.44947602062731
0.225416666666667,10.2244897959184,2.34469260074139
0.225416666666667,10.265306122449,2.24444652998036
0.225416666666667,10.3061224489796,2.15014381159
0.225416666666667,10.3469387755102,2.06226384487656
0.225416666666667,10.3877551020408,1.97947597698666
0.225416666666667,10.4285714285714,1.90118096788927
0.225416666666667,10.469387755102,1.82698157916885
0.225416666666667,10.5102040816327,1.75654535073735
0.225416666666667,10.5510204081633,1.68957780126627
0.225416666666667,10.5918367346939,1.62581425276433
0.225416666666667,10.6326530612245,1.56501555398229
0.225416666666667,10.6734693877551,1.50696496420253
0.225416666666667,10.7142857142857,1.45146557346336
0.225416666666667,10.7551020408163,1.39833807437536
0.225416666666667,10.7959183673469,1.34741880410418
0.225416666666667,10.8367346938776,1.29855800029354
0.225416666666667,10.8775510204082,1.25161821609511
0.225416666666667,10.9183673469388,1.20647282538396
0.225416666666667,10.9591836734694,1.16300451592557
0.225416666666667,11,1.12110361999138
0.232708333333333,9,3.83191941075718
0.232708333333333,9.04081632653061,10.8277371702788
0.232708333333333,9.08163265306122,13.4067773252833
0.232708333333333,9.12244897959184,13.4686690331468
0.232708333333333,9.16326530612245,12.5650374787242
0.232708333333333,9.20408163265306,11.4043540915672
0.232708333333333,9.24489795918367,10.2992231015573
0.232708333333333,9.28571428571428,9.3859707466466
0.232708333333333,9.3265306122449,8.52101780177115
0.232708333333333,9.36734693877551,7.7580315154957
0.232708333333333,9.40816326530612,7.09640919534225
0.232708333333333,9.44897959183674,6.52175995148115
0.232708333333333,9.48979591836735,6.02012399117264
0.232708333333333,9.53061224489796,5.57962581365042
0.232708333333333,9.57142857142857,5.19046665369659
0.232708333333333,9.61224489795918,4.84463052154843
0.232708333333333,9.65306122448979,4.53556454918095
0.232708333333333,9.69387755102041,4.25789660833898
0.232708333333333,9.73469387755102,4.00720217018845
0.232708333333333,9.77551020408163,3.77981715911312
0.232708333333333,9.81632653061225,3.57268951991102
0.232708333333333,9.85714285714286,3.38326198677727
0.232708333333333,9.89795918367347,3.20937952506627
0.232708333333333,9.93877551020408,3.04921616592551
0.232708333333333,9.97959183673469,2.90121716018942
0.232708333333333,10.0204081632653,2.76405351232506
0.232708333333333,10.0612244897959,2.63658719843996
0.232708333333333,10.1020408163265,2.51784723665085
0.232708333333333,10.1428571428571,2.4070198229688
0.232708333333333,10.1836734693878,2.30344509274238
0.232708333333333,10.2244897959184,2.20628660327241
0.232708333333333,10.265306122449,2.11306373792008
0.232708333333333,10.3061224489796,2.02528116801282
0.232708333333333,10.3469387755102,1.94335409729063
0.232708333333333,10.3877551020408,1.86603133936519
0.232708333333333,10.4285714285714,1.79277596989632
0.232708333333333,10.469387755102,1.7232373336381
0.232708333333333,10.5102040816327,1.65712156133983
0.232708333333333,10.5510204081633,1.59416740968369
0.232708333333333,10.5918367346939,1.53413926927208
0.232708333333333,10.6326530612245,1.47682360559876
0.232708333333333,10.6734693877551,1.42202636215859
0.232708333333333,10.7142857142857,1.36957078967684
0.232708333333333,10.7551020408163,1.31929555286036
0.232708333333333,10.7959183673469,1.27105305155712
0.232708333333333,10.8367346938776,1.22470791064811
0.232708333333333,10.8775510204082,1.18013558942197
0.232708333333333,10.9183673469388,1.13722104152384
0.232708333333333,10.9591836734694,1.0958573112864
0.232708333333333,11,1.05594386893715
0.24,9,10.6903085736203
0.24,9.04081632653061,13.3690790110934
0.24,9.08163265306122,13.451825182296
0.24,9.12244897959184,12.5482541567335
0.24,9.16326530612245,11.3927746115801
0.24,9.20408163265306,10.2557255413943
0.24,9.24489795918367,9.26113438395065
0.24,9.28571428571428,8.45249247548543
0.24,9.3265306122449,7.69812426263367
0.24,9.36734693877551,7.03651325707573
0.24,9.40816326530612,6.46221145403806
0.24,9.44897959183674,5.9615814716524
0.24,9.48979591836735,5.52249702457822
0.24,9.53061224489796,5.13496537096683
0.24,9.57142857142857,4.79084994585565
0.24,9.61224489795918,4.48352531150501
0.24,9.65306122448979,4.20757607619347
0.24,9.69387755102041,3.95855234264877
0.24,9.73469387755102,3.73277570728341
0.24,9.77551020408163,3.52718663953229
0.24,9.81632653061225,3.33922462273498
0.24,9.85714285714286,3.16673388098698
0.24,9.89795918367347,3.00788900883233
0.24,9.93877551020408,2.86113612739813
0.24,9.97959183673469,2.72514629265746
0.24,10.0204081632653,2.59877886548215
0.24,10.0612244897959,2.48105363272709
0.24,10.1020408163265,2.37113212158111
0.24,10.1428571428571,2.26831113495633
0.24,10.1836734693878,2.17201946566014
0.24,10.2244897959184,2.08148620861227
0.24,10.265306122449,1.99436832126675
0.24,10.3061224489796,1.91226064711667
0.24,10.3469387755102,1.83553499317081
0.24,10.3877551020408,1.76300072455206
0.24,10.4285714285714,1.69417117368331
0.24,10.469387755102,1.62873416928151
0.24,10.5102040816327,1.56642801416546
0.24,10.5510204081633,1.50701930671932
0.24,10.5918367346939,1.45029687067294
0.24,10.6326530612245,1.39606876684756
0.24,10.6734693877551,1.34416011372898
0.24,10.7142857142857,1.29441124751664
0.24,10.7551020408163,1.2466761008366
0.24,10.7959183673469,1.20082075132738
0.24,10.8367346938776,1.1567221025526
0.24,10.8775510204082,1.11426665224211
0.24,10.9183673469388,1.07334927830205
0.24,10.9591836734694,1.03387191747438
0.24,11,0.995741896624404
